city,rows,unique_dates,first_date,last_date,span_years,median_gap_days,max_gap_days,share_gap_1_day,mode
Beijing,22064,22064,2020-01-02,2262-04-09,242.26146475017111,3.0,37.0,0.24751846983637765,FULL
Cairo,2700,2700,2020-01-06,2262-03-10,242.16837782340863,22.0,336.0,0.030752130418673584,FULL
Delhi,26465,26465,2020-01-05,2262-04-08,242.25051334702258,2.0,32.0,0.3000680169286578,FULL
London,6985,6985,2020-01-03,2262-04-04,242.24503764544832,9.0,123.0,0.07560137457044673,FULL
Los Angeles,9003,9003,2020-01-01,2262-04-02,242.24503764544832,7.0,90.0,0.1014219062430571,FULL
Mexico City,13377,13377,2020-01-04,2262-04-10,242.258726899384,5.0,58.0,0.15109150717703348,FULL
São Paulo,1748,1748,2020-06-26,2262-03-26,241.741273100616,35.0,370.0,0.019461934745277618,FULL
Tokyo,6147,6147,2020-01-12,2262-04-06,242.2258726899384,10.0,145.0,0.07061503416856492,FULL
ALL,88489,88489,2020-01-01,2262-04-10,242.26694045174537,1.0,1.0,0.9999886991603476,FULL
