variable,count,mean,std,min,25%,50%,75%,max,skew,zero_share,mode
aqi,88489.0,249.3701816044932,144.47913170506806,0.0,124.0,249.0,374.0,499.0,0.0008269989044437345,0.0018194351840341736,FULL
pm2_5,88489.0,35.14495134988529,14.767993659620117,0.0,24.9,35.1,45.2,109.9,0.0973602205440351,0.0001243092361762479,FULL
pm10,88489.0,50.11865429601419,19.796391882324333,0.0,36.6,50.0,63.5,143.5,0.07247549262105749,0.00011300839652386172,FULL
no2,88489.0,30.006210941472954,9.963138556629207,0.0,23.3,30.0,36.7,71.4,0.01110807934148892,4.520335860954469e-05,FULL
o3,88489.0,39.9788945518652,12.007258320164427,0.0,31.9,40.0,48.1,93.5,0.007441922763753849,2.2601679304772344e-05,FULL
temperature,88489.0,17.52296217608968,12.96102407149432,-5.0,6.4,17.5,28.7,40.0,-0.0015291930809554187,0.0023392738080439375,FULL
humidity,88489.0,56.950965656748295,21.62967472843678,20.0,38.0,57.0,76.0,94.0,0.003016607604484988,0.0,FULL
hospital_capacity,88489.0,1024.4631649131532,561.9780713137195,50.0,539.0,1026.0,1511.0,1999.0,0.0005131519400041978,0.0,FULL
hospital_admissions,88489.0,8.049384669280927,3.715458385187603,0.0,6.0,8.0,10.0,25.0,0.20781269529874802,0.020070291222637843,FULL
