pm25_decile,pm2_5_min,pm2_5_max,rows,mean_admissions,sd_admissions,ci_low,ci_high,mode
1,0.0,15.8,8860,5.55744920993228,3.3081181695487327,5.488564913808951,5.626333506055608,FULL
2,15.9,22.5,8951,6.525863032063457,3.3652141424233597,6.456146945868913,6.595579118258001,FULL
3,22.6,27.2,8867,7.038569978572234,3.3842366411801743,6.968128503709972,7.109011453434496,FULL
4,27.3,31.3,8892,7.409581646423752,3.403873881335289,7.338831098954779,7.480332193892725,FULL
5,31.4,35.1,8779,7.993735049550063,3.402561849427623,7.922558066614141,8.064912032485985,FULL
6,35.2,38.9,8887,8.03004388432542,3.4097637257793783,7.9591509802035265,8.100936788447312,FULL
7,39.0,42.9,8821,8.7308695159279,3.51970617316896,8.657417525290635,8.804321506565165,FULL
8,43.0,47.6,8750,9.021028571428571,3.446704604450666,8.948808800066256,9.093248342790886,FULL
9,47.7,54.2,8853,9.587936292782107,3.523319634482752,9.51454189974309,9.661330685821124,FULL
10,54.3,109.9,8829,10.642428361082795,3.521089068764056,10.568980809318045,10.715875912847544,FULL
