feature_set,task,seed,epoch,train_loss,validation_score,epochs_run,fit_seconds,mode
FS-Primary,regression,42,1,15.935800007640303,0.01788879106743646,42,3.8206357999588363,FULL
FS-Primary,regression,42,2,6.296532193290901,0.11375146350699428,42,3.8206357999588363,FULL
FS-Primary,regression,42,3,6.097379279045817,0.12658469421192542,42,3.8206357999588363,FULL
FS-Primary,regression,42,4,6.017207561990543,0.13469347372693474,42,3.8206357999588363,FULL
FS-Primary,regression,42,5,5.961690500785355,0.14082179558387897,42,3.8206357999588363,FULL
FS-Primary,regression,42,6,5.92214051958302,0.1450136285993222,42,3.8206357999588363,FULL
FS-Primary,regression,42,7,5.893008724158012,0.14811826473009637,42,3.8206357999588363,FULL
FS-Primary,regression,42,8,5.873709046034328,0.14859187407152763,42,3.8206357999588363,FULL
FS-Primary,regression,42,9,5.8600119946819715,0.1505308934187406,42,3.8206357999588363,FULL
FS-Primary,regression,42,10,5.848256700416585,0.1514315498282922,42,3.8206357999588363,FULL
FS-Primary,regression,42,11,5.84265041234381,0.15299187120933377,42,3.8206357999588363,FULL
FS-Primary,regression,42,12,5.8379907778634745,0.1530640735895784,42,3.8206357999588363,FULL
FS-Primary,regression,42,13,5.833138479320645,0.15302175917173577,42,3.8206357999588363,FULL
FS-Primary,regression,42,14,5.829555686268735,0.15301446151511433,42,3.8206357999588363,FULL
FS-Primary,regression,42,15,5.828829770698115,0.15267020685028798,42,3.8206357999588363,FULL
FS-Primary,regression,42,16,5.825097478059986,0.15275445559390166,42,3.8206357999588363,FULL
FS-Primary,regression,42,17,5.823381815269412,0.15315542290588335,42,3.8206357999588363,FULL
FS-Primary,regression,42,18,5.822729036537413,0.1527568080369045,42,3.8206357999588363,FULL
FS-Primary,regression,42,19,5.821229835722764,0.15344171955596608,42,3.8206357999588363,FULL
FS-Primary,regression,42,20,5.820312609333153,0.153686978635025,42,3.8206357999588363,FULL
FS-Primary,regression,42,21,5.8194826210267445,0.15315266911745984,42,3.8206357999588363,FULL
FS-Primary,regression,42,22,5.818004081452789,0.15390802499448486,42,3.8206357999588363,FULL
FS-Primary,regression,42,23,5.818170044594685,0.15320934524137508,42,3.8206357999588363,FULL
FS-Primary,regression,42,24,5.8176918337516765,0.15336825965996426,42,3.8206357999588363,FULL
FS-Primary,regression,42,25,5.8168051125214655,0.15360225036616604,42,3.8206357999588363,FULL
FS-Primary,regression,42,26,5.814879431068737,0.15423376210754036,42,3.8206357999588363,FULL
FS-Primary,regression,42,27,5.815487092090445,0.15378230526693604,42,3.8206357999588363,FULL
FS-Primary,regression,42,28,5.814197813978727,0.15307133348600277,42,3.8206357999588363,FULL
FS-Primary,regression,42,29,5.81502009549227,0.15335366579097354,42,3.8206357999588363,FULL
FS-Primary,regression,42,30,5.812978259980663,0.15347976142327158,42,3.8206357999588363,FULL
FS-Primary,regression,42,31,5.813138397465746,0.1531912851293098,42,3.8206357999588363,FULL
FS-Primary,regression,42,32,5.811580044663594,0.1541220918971341,42,3.8206357999588363,FULL
FS-Primary,regression,42,33,5.811831150703829,0.15290233287219002,42,3.8206357999588363,FULL
FS-Primary,regression,42,34,5.810488301243612,0.15306481968452135,42,3.8206357999588363,FULL
FS-Primary,regression,42,35,5.8111409471770905,0.15343571414238388,42,3.8206357999588363,FULL
FS-Primary,regression,42,36,5.811747853232864,0.15290558568044288,42,3.8206357999588363,FULL
FS-Primary,regression,42,37,5.8105908184315345,0.15379379816234184,42,3.8206357999588363,FULL
FS-Primary,regression,42,38,5.809935268258655,0.15328459711417652,42,3.8206357999588363,FULL
FS-Primary,regression,42,39,5.810303409521744,0.15361365666031046,42,3.8206357999588363,FULL
FS-Primary,regression,42,40,5.811150996273485,0.15394211633714028,42,3.8206357999588363,FULL
FS-Primary,regression,42,41,5.809441046710237,0.15298739276545248,42,3.8206357999588363,FULL
FS-Primary,regression,42,42,5.8102015393634545,0.15285040295400854,42,3.8206357999588363,FULL
FS-Primary,regression,43,1,25.593249938686306,-0.6310538197736981,40,3.650473800022155,FULL
FS-Primary,regression,43,2,7.362831688982214,0.0815366216709208,40,3.650473800022155,FULL
FS-Primary,regression,43,3,6.161283374231385,0.10216022891710275,40,3.650473800022155,FULL
FS-Primary,regression,43,4,6.067560421454262,0.11501687647517389,40,3.650473800022155,FULL
FS-Primary,regression,43,5,6.005493323097533,0.12339161444737146,40,3.650473800022155,FULL
FS-Primary,regression,43,6,5.962323358412241,0.13051790617552061,40,3.650473800022155,FULL
FS-Primary,regression,43,7,5.931039785570747,0.13543201732531018,40,3.650473800022155,FULL
FS-Primary,regression,43,8,5.907655941159064,0.13831650220372405,40,3.650473800022155,FULL
FS-Primary,regression,43,9,5.890410823860229,0.14197605691095538,40,3.650473800022155,FULL
FS-Primary,regression,43,10,5.878634223757259,0.14347006157929065,40,3.650473800022155,FULL
FS-Primary,regression,43,11,5.86900147538414,0.14500379314552214,40,3.650473800022155,FULL
FS-Primary,regression,43,12,5.863025477675413,0.14529450660568777,40,3.650473800022155,FULL
FS-Primary,regression,43,13,5.857766495169874,0.14684873811364463,40,3.650473800022155,FULL
FS-Primary,regression,43,14,5.85287581025489,0.1470369447495381,40,3.650473800022155,FULL
FS-Primary,regression,43,15,5.851159830021871,0.14777318980089438,40,3.650473800022155,FULL
FS-Primary,regression,43,16,5.846322839907701,0.1463437043215513,40,3.650473800022155,FULL
FS-Primary,regression,43,17,5.845338123313808,0.1481328088620767,40,3.650473800022155,FULL
FS-Primary,regression,43,18,5.843752993220542,0.14908255660829117,40,3.650473800022155,FULL
FS-Primary,regression,43,19,5.842273105380996,0.14938352563992774,40,3.650473800022155,FULL
FS-Primary,regression,43,20,5.84171264558658,0.14802930167099515,40,3.650473800022155,FULL
FS-Primary,regression,43,21,5.840190309195797,0.14928975512159537,40,3.650473800022155,FULL
FS-Primary,regression,43,22,5.837755678138808,0.14889683855300018,40,3.650473800022155,FULL
FS-Primary,regression,43,23,5.836153367738215,0.1483970472281837,40,3.650473800022155,FULL
FS-Primary,regression,43,24,5.835268257868911,0.14977440968511047,40,3.650473800022155,FULL
FS-Primary,regression,43,25,5.836833698889061,0.14825427921854917,40,3.650473800022155,FULL
FS-Primary,regression,43,26,5.835406003433279,0.14856809901756185,40,3.650473800022155,FULL
FS-Primary,regression,43,27,5.8332618800274565,0.14794229138934678,40,3.650473800022155,FULL
FS-Primary,regression,43,28,5.832046698784103,0.14863488266607028,40,3.650473800022155,FULL
FS-Primary,regression,43,29,5.832407222310146,0.1488499504387002,40,3.650473800022155,FULL
FS-Primary,regression,43,30,5.831565004880265,0.14982306395425427,40,3.650473800022155,FULL
FS-Primary,regression,43,31,5.831991369877497,0.14791423647845214,40,3.650473800022155,FULL
FS-Primary,regression,43,32,5.832637192604145,0.14983565667528131,40,3.650473800022155,FULL
FS-Primary,regression,43,33,5.830596355268306,0.14907283177855501,40,3.650473800022155,FULL
FS-Primary,regression,43,34,5.829807023672482,0.14719679483839243,40,3.650473800022155,FULL
FS-Primary,regression,43,35,5.827934345804844,0.14791579500903984,40,3.650473800022155,FULL
FS-Primary,regression,43,36,5.8277697554651375,0.1485243486888419,40,3.650473800022155,FULL
FS-Primary,regression,43,37,5.826571526852197,0.14814432084723284,40,3.650473800022155,FULL
FS-Primary,regression,43,38,5.8283608965064495,0.1492684571925893,40,3.650473800022155,FULL
FS-Primary,regression,43,39,5.826079929036968,0.14873900752335478,40,3.650473800022155,FULL
FS-Primary,regression,43,40,5.825457118749176,0.14644595501521906,40,3.650473800022155,FULL
FS-Primary,regression,44,1,22.45787484877548,-0.23840869542041943,44,3.818620700039901,FULL
FS-Primary,regression,44,2,6.6200181991518665,0.07687999742468166,44,3.818620700039901,FULL
FS-Primary,regression,44,3,6.158235763788164,0.09545182547350928,44,3.818620700039901,FULL
FS-Primary,regression,44,4,6.0556825326989845,0.10907769394012923,44,3.818620700039901,FULL
FS-Primary,regression,44,5,5.985911176333988,0.11882138472111115,44,3.818620700039901,FULL
FS-Primary,regression,44,6,5.9386070194660325,0.1248013839525417,44,3.818620700039901,FULL
FS-Primary,regression,44,7,5.905353721562519,0.12849630938085477,44,3.818620700039901,FULL
FS-Primary,regression,44,8,5.88427201807426,0.13348073422885476,44,3.818620700039901,FULL
FS-Primary,regression,44,9,5.869278812589196,0.13507001160045085,44,3.818620700039901,FULL
FS-Primary,regression,44,10,5.8571539384001206,0.13781456748806398,44,3.818620700039901,FULL
FS-Primary,regression,44,11,5.8486672981986985,0.13913961531430086,44,3.818620700039901,FULL
FS-Primary,regression,44,12,5.8436761198147575,0.13949228035600592,44,3.818620700039901,FULL
FS-Primary,regression,44,13,5.838773957666855,0.1394550558539055,44,3.818620700039901,FULL
FS-Primary,regression,44,14,5.835441896775505,0.14112637184396581,44,3.818620700039901,FULL
FS-Primary,regression,44,15,5.833184969923566,0.1413982914284344,44,3.818620700039901,FULL
FS-Primary,regression,44,16,5.831649154550672,0.14159642594051114,44,3.818620700039901,FULL
FS-Primary,regression,44,17,5.829461883009858,0.14134155890289446,44,3.818620700039901,FULL
FS-Primary,regression,44,18,5.826959538061786,0.14210006622656368,44,3.818620700039901,FULL
FS-Primary,regression,44,19,5.825416761088985,0.14109860829730791,44,3.818620700039901,FULL
FS-Primary,regression,44,20,5.82561344082462,0.1410861885536593,44,3.818620700039901,FULL
FS-Primary,regression,44,21,5.825118309480641,0.14224741929988005,44,3.818620700039901,FULL
FS-Primary,regression,44,22,5.823403033581319,0.14188912609347348,44,3.818620700039901,FULL
FS-Primary,regression,44,23,5.821847784379983,0.1423331287023879,44,3.818620700039901,FULL
FS-Primary,regression,44,24,5.8225180179907765,0.14220771795962228,44,3.818620700039901,FULL
FS-Primary,regression,44,25,5.8208091635348405,0.14175163528256707,44,3.818620700039901,FULL
FS-Primary,regression,44,26,5.820052778632535,0.1420383148368458,44,3.818620700039901,FULL
FS-Primary,regression,44,27,5.819828280598927,0.14211004048614562,44,3.818620700039901,FULL
FS-Primary,regression,44,28,5.817983746473805,0.1427983032904272,44,3.818620700039901,FULL
FS-Primary,regression,44,29,5.819984597390447,0.1421088895710063,44,3.818620700039901,FULL
FS-Primary,regression,44,30,5.818870587955436,0.14190392614984038,44,3.818620700039901,FULL
FS-Primary,regression,44,31,5.815379194481194,0.14173595974901698,44,3.818620700039901,FULL
FS-Primary,regression,44,32,5.817108106378634,0.14142243326165205,44,3.818620700039901,FULL
FS-Primary,regression,44,33,5.816447273932796,0.14237400163603364,44,3.818620700039901,FULL
FS-Primary,regression,44,34,5.81490756206458,0.14040680915678427,44,3.818620700039901,FULL
FS-Primary,regression,44,35,5.816162380419769,0.14099467903480434,44,3.818620700039901,FULL
FS-Primary,regression,44,36,5.8152160777070785,0.14174848582474442,44,3.818620700039901,FULL
FS-Primary,regression,44,37,5.814403538351111,0.14094981412732555,44,3.818620700039901,FULL
FS-Primary,regression,44,38,5.814305022039567,0.14206461301356854,44,3.818620700039901,FULL
FS-Primary,regression,44,39,5.81494317222448,0.14252295271393922,44,3.818620700039901,FULL
FS-Primary,regression,44,40,5.814026108482354,0.14070571865532333,44,3.818620700039901,FULL
FS-Primary,regression,44,41,5.813817624993563,0.14120391556408218,44,3.818620700039901,FULL
FS-Primary,regression,44,42,5.811687550835727,0.1421948636971858,44,3.818620700039901,FULL
FS-Primary,regression,44,43,5.8119155599720385,0.14128169148454306,44,3.818620700039901,FULL
FS-Primary,regression,44,44,5.8130710163868935,0.1423796344014162,44,3.818620700039901,FULL
FS-Primary,regression,45,1,22.359070100924892,-0.34696134066504025,63,5.543646299978718,FULL
FS-Primary,regression,45,2,6.831199320933008,0.06916326863158107,63,5.543646299978718,FULL
FS-Primary,regression,45,3,6.234372136032908,0.08974284380502406,63,5.543646299978718,FULL
FS-Primary,regression,45,4,6.120050438800925,0.10355917680438209,63,5.543646299978718,FULL
FS-Primary,regression,45,5,6.041393435192439,0.11210128174303624,63,5.543646299978718,FULL
FS-Primary,regression,45,6,5.987044548890751,0.11921214842180661,63,5.543646299978718,FULL
FS-Primary,regression,45,7,5.946048261382662,0.12423759264084011,63,5.543646299978718,FULL
FS-Primary,regression,45,8,5.917354289228043,0.1276536307816326,63,5.543646299978718,FULL
FS-Primary,regression,45,9,5.897932466738421,0.130635038136659,63,5.543646299978718,FULL
FS-Primary,regression,45,10,5.884374383873478,0.13148262331653537,63,5.543646299978718,FULL
FS-Primary,regression,45,11,5.873876848081507,0.1331028977694615,63,5.543646299978718,FULL
FS-Primary,regression,45,12,5.864938127102531,0.1351642542591276,63,5.543646299978718,FULL
FS-Primary,regression,45,13,5.858040787543446,0.13558222992497826,63,5.543646299978718,FULL
FS-Primary,regression,45,14,5.854097322869667,0.13630132537277395,63,5.543646299978718,FULL
FS-Primary,regression,45,15,5.850529050526725,0.13603198578827747,63,5.543646299978718,FULL
FS-Primary,regression,45,16,5.847614942856377,0.13770221347395906,63,5.543646299978718,FULL
FS-Primary,regression,45,17,5.845551090117436,0.1360422288033145,63,5.543646299978718,FULL
FS-Primary,regression,45,18,5.8447308211000895,0.13664539105134665,63,5.543646299978718,FULL
FS-Primary,regression,45,19,5.844204923145387,0.13733176698783223,63,5.543646299978718,FULL
FS-Primary,regression,45,20,5.842045490295707,0.1385317661644081,63,5.543646299978718,FULL
FS-Primary,regression,45,21,5.841533447418477,0.1379263430748624,63,5.543646299978718,FULL
FS-Primary,regression,45,22,5.839403005417608,0.1374351740013604,63,5.543646299978718,FULL
FS-Primary,regression,45,23,5.838491157288712,0.13854354647857847,63,5.543646299978718,FULL
FS-Primary,regression,45,24,5.838696075612794,0.13824125995527203,63,5.543646299978718,FULL
FS-Primary,regression,45,25,5.836570740372185,0.1378003621717243,63,5.543646299978718,FULL
FS-Primary,regression,45,26,5.8371451567569,0.13654769225360341,63,5.543646299978718,FULL
FS-Primary,regression,45,27,5.836842211906111,0.1379047426424893,63,5.543646299978718,FULL
FS-Primary,regression,45,28,5.834183497883339,0.1388286440744929,63,5.543646299978718,FULL
FS-Primary,regression,45,29,5.835641065091775,0.13817248889706968,63,5.543646299978718,FULL
FS-Primary,regression,45,30,5.835235944405413,0.1383751885517227,63,5.543646299978718,FULL
FS-Primary,regression,45,31,5.834179797938814,0.1383109547610315,63,5.543646299978718,FULL
FS-Primary,regression,45,32,5.833490278046764,0.1380774821834777,63,5.543646299978718,FULL
FS-Primary,regression,45,33,5.833507516258047,0.1380466403973648,63,5.543646299978718,FULL
FS-Primary,regression,45,34,5.831792978524125,0.13913488671769225,63,5.543646299978718,FULL
FS-Primary,regression,45,35,5.832038768565361,0.13831924820678132,63,5.543646299978718,FULL
FS-Primary,regression,45,36,5.833546190106145,0.1380152256216578,63,5.543646299978718,FULL
FS-Primary,regression,45,37,5.830194096682077,0.138492810415473,63,5.543646299978718,FULL
FS-Primary,regression,45,38,5.829778539863161,0.13819677379856787,63,5.543646299978718,FULL
FS-Primary,regression,45,39,5.830252470387657,0.13888726383730554,63,5.543646299978718,FULL
FS-Primary,regression,45,40,5.829910009846077,0.13890550259602952,63,5.543646299978718,FULL
FS-Primary,regression,45,41,5.829825270798047,0.13783141985807112,63,5.543646299978718,FULL
FS-Primary,regression,45,42,5.830264420248914,0.1376739306729693,63,5.543646299978718,FULL
FS-Primary,regression,45,43,5.829437147266408,0.13838948302192056,63,5.543646299978718,FULL
FS-Primary,regression,45,44,5.829231632498373,0.1382383611321928,63,5.543646299978718,FULL
FS-Primary,regression,45,45,5.82708936009536,0.13813142126518074,63,5.543646299978718,FULL
FS-Primary,regression,45,46,5.830053160800407,0.13840852433942197,63,5.543646299978718,FULL
FS-Primary,regression,45,47,5.829409510081228,0.13937806861041357,63,5.543646299978718,FULL
FS-Primary,regression,45,48,5.827810360017629,0.13865279134844488,63,5.543646299978718,FULL
FS-Primary,regression,45,49,5.8277331127159036,0.13915218729520207,63,5.543646299978718,FULL
FS-Primary,regression,45,50,5.828495034916314,0.13874055577348798,63,5.543646299978718,FULL
FS-Primary,regression,45,51,5.827078689500213,0.13826483945375112,63,5.543646299978718,FULL
FS-Primary,regression,45,52,5.827219783542541,0.13761237225354928,63,5.543646299978718,FULL
FS-Primary,regression,45,53,5.82721707452092,0.13793461405620777,63,5.543646299978718,FULL
FS-Primary,regression,45,54,5.8276673255350735,0.13789405123571719,63,5.543646299978718,FULL
FS-Primary,regression,45,55,5.8268968589987065,0.13810760900246766,63,5.543646299978718,FULL
FS-Primary,regression,45,56,5.824656798303882,0.13706022602433154,63,5.543646299978718,FULL
FS-Primary,regression,45,57,5.826031774830902,0.13858588278924733,63,5.543646299978718,FULL
FS-Primary,regression,45,58,5.82610740156093,0.13814803743779458,63,5.543646299978718,FULL
FS-Primary,regression,45,59,5.825285317640176,0.13867293206664288,63,5.543646299978718,FULL
FS-Primary,regression,45,60,5.825560255566768,0.13698989284709984,63,5.543646299978718,FULL
FS-Primary,regression,45,61,5.827087603948256,0.1384472198972696,63,5.543646299978718,FULL
FS-Primary,regression,45,62,5.826374989525417,0.13766259936853564,63,5.543646299978718,FULL
FS-Primary,regression,45,63,5.82641506920012,0.1377753542411917,63,5.543646299978718,FULL
FS-Primary,regression,46,1,24.07754148837585,-0.5302361667277065,35,3.187576900003478,FULL
FS-Primary,regression,46,2,7.082489817965825,0.0999063247078259,35,3.187576900003478,FULL
FS-Primary,regression,46,3,6.195225250263223,0.11375899873488915,35,3.187576900003478,FULL
FS-Primary,regression,46,4,6.104921975491767,0.12448704162997115,35,3.187576900003478,FULL
FS-Primary,regression,46,5,6.037251407736128,0.132943641780654,35,3.187576900003478,FULL
FS-Primary,regression,46,6,5.986047206745436,0.13867804001720085,35,3.187576900003478,FULL
FS-Primary,regression,46,7,5.948578349244515,0.1424417869104767,35,3.187576900003478,FULL
FS-Primary,regression,46,8,5.922071245209985,0.14560542450449265,35,3.187576900003478,FULL
FS-Primary,regression,46,9,5.900762499349579,0.14698755961804466,35,3.187576900003478,FULL
FS-Primary,regression,46,10,5.888775048337408,0.14894351609476275,35,3.187576900003478,FULL
FS-Primary,regression,46,11,5.8771912951371945,0.14916640351592547,35,3.187576900003478,FULL
FS-Primary,regression,46,12,5.868557561336346,0.1504604071953185,35,3.187576900003478,FULL
FS-Primary,regression,46,13,5.865468627318238,0.15027408246009444,35,3.187576900003478,FULL
FS-Primary,regression,46,14,5.860956591684342,0.15185299919514172,35,3.187576900003478,FULL
FS-Primary,regression,46,15,5.8579212427633705,0.15204025122839204,35,3.187576900003478,FULL
FS-Primary,regression,46,16,5.855198070687904,0.15207622958758593,35,3.187576900003478,FULL
FS-Primary,regression,46,17,5.852024536801909,0.15109899511022895,35,3.187576900003478,FULL
FS-Primary,regression,46,18,5.851791896724725,0.15185121601467655,35,3.187576900003478,FULL
FS-Primary,regression,46,19,5.850407768010821,0.15269464250308107,35,3.187576900003478,FULL
FS-Primary,regression,46,20,5.848641274863651,0.15180626903229066,35,3.187576900003478,FULL
FS-Primary,regression,46,21,5.847265348505778,0.1522080628086041,35,3.187576900003478,FULL
FS-Primary,regression,46,22,5.84546234775599,0.1524484648808282,35,3.187576900003478,FULL
FS-Primary,regression,46,23,5.844703672486381,0.15201685693061262,35,3.187576900003478,FULL
FS-Primary,regression,46,24,5.845617314394824,0.1519496996349734,35,3.187576900003478,FULL
FS-Primary,regression,46,25,5.842432154431957,0.1520545380509516,35,3.187576900003478,FULL
FS-Primary,regression,46,26,5.842153099536978,0.15176052517561334,35,3.187576900003478,FULL
FS-Primary,regression,46,27,5.842345662108437,0.1516523476818714,35,3.187576900003478,FULL
FS-Primary,regression,46,28,5.841818730539366,0.15200943846764492,35,3.187576900003478,FULL
FS-Primary,regression,46,29,5.842360720245897,0.15263545696585956,35,3.187576900003478,FULL
FS-Primary,regression,46,30,5.839789346859514,0.15185245537462821,35,3.187576900003478,FULL
FS-Primary,regression,46,31,5.838677405709047,0.15239365494287205,35,3.187576900003478,FULL
FS-Primary,regression,46,32,5.838720979932862,0.15053647428320394,35,3.187576900003478,FULL
FS-Primary,regression,46,33,5.837625795034291,0.1515617487765758,35,3.187576900003478,FULL
FS-Primary,regression,46,34,5.836815509622582,0.15219881993603412,35,3.187576900003478,FULL
FS-Primary,regression,46,35,5.835763498005642,0.15148118041466285,35,3.187576900003478,FULL
FS-Primary,classification,42,1,0.3436097846663263,,50,30.924692399974447,FULL
FS-Primary,classification,42,2,0.33692021091582663,,50,30.924692399974447,FULL
FS-Primary,classification,42,3,0.3363316015950038,,50,30.924692399974447,FULL
FS-Primary,classification,42,4,0.33568734730678274,,50,30.924692399974447,FULL
FS-Primary,classification,42,5,0.3351188941955342,,50,30.924692399974447,FULL
FS-Primary,classification,42,6,0.33502288993757506,,50,30.924692399974447,FULL
FS-Primary,classification,42,7,0.3345675955972823,,50,30.924692399974447,FULL
FS-Primary,classification,42,8,0.3348705935452944,,50,30.924692399974447,FULL
FS-Primary,classification,42,9,0.3344675677304833,,50,30.924692399974447,FULL
FS-Primary,classification,42,10,0.33431779679645623,,50,30.924692399974447,FULL
FS-Primary,classification,42,11,0.33425281498076803,,50,30.924692399974447,FULL
FS-Primary,classification,42,12,0.3343457948342134,,50,30.924692399974447,FULL
FS-Primary,classification,42,13,0.33427246331310656,,50,30.924692399974447,FULL
FS-Primary,classification,42,14,0.33403002062745635,,50,30.924692399974447,FULL
FS-Primary,classification,42,15,0.3341331708768893,,50,30.924692399974447,FULL
FS-Primary,classification,42,16,0.3340905726160802,,50,30.924692399974447,FULL
FS-Primary,classification,42,17,0.3341331327312102,,50,30.924692399974447,FULL
FS-Primary,classification,42,18,0.3340325231001054,,50,30.924692399974447,FULL
FS-Primary,classification,42,19,0.3338908930683552,,50,30.924692399974447,FULL
FS-Primary,classification,42,20,0.3340020283954811,,50,30.924692399974447,FULL
FS-Primary,classification,42,21,0.3339822208651111,,50,30.924692399974447,FULL
FS-Primary,classification,42,22,0.33399792702394226,,50,30.924692399974447,FULL
FS-Primary,classification,42,23,0.33400932759695795,,50,30.924692399974447,FULL
FS-Primary,classification,42,24,0.33388887675232226,,50,30.924692399974447,FULL
FS-Primary,classification,42,25,0.3340510447656456,,50,30.924692399974447,FULL
FS-Primary,classification,42,26,0.3340403532317898,,50,30.924692399974447,FULL
FS-Primary,classification,42,27,0.33382464040076354,,50,30.924692399974447,FULL
FS-Primary,classification,42,28,0.3341009257598327,,50,30.924692399974447,FULL
FS-Primary,classification,42,29,0.3338491258941816,,50,30.924692399974447,FULL
FS-Primary,classification,42,30,0.3338113634017106,,50,30.924692399974447,FULL
FS-Primary,classification,42,31,0.3340476816168279,,50,30.924692399974447,FULL
FS-Primary,classification,42,32,0.3337996476579399,,50,30.924692399974447,FULL
FS-Primary,classification,42,33,0.333774394578039,,50,30.924692399974447,FULL
FS-Primary,classification,42,34,0.33367299268890765,,50,30.924692399974447,FULL
FS-Primary,classification,42,35,0.33373700532935335,,50,30.924692399974447,FULL
FS-Primary,classification,42,36,0.33384428738732413,,50,30.924692399974447,FULL
FS-Primary,classification,42,37,0.3339027229195581,,50,30.924692399974447,FULL
FS-Primary,classification,42,38,0.3339061450136788,,50,30.924692399974447,FULL
FS-Primary,classification,42,39,0.33359759095807795,,50,30.924692399974447,FULL
FS-Primary,classification,42,40,0.33375626125067204,,50,30.924692399974447,FULL
FS-Primary,classification,42,41,0.33373988637174756,,50,30.924692399974447,FULL
FS-Primary,classification,42,42,0.3336787059778947,,50,30.924692399974447,FULL
FS-Primary,classification,42,43,0.3337334953614441,,50,30.924692399974447,FULL
FS-Primary,classification,42,44,0.33372410793472795,,50,30.924692399974447,FULL
FS-Primary,classification,42,45,0.333707675019194,,50,30.924692399974447,FULL
FS-Primary,classification,42,46,0.33377226844688035,,50,30.924692399974447,FULL
FS-Primary,classification,42,47,0.3335885301582687,,50,30.924692399974447,FULL
FS-Primary,classification,42,48,0.333735432695401,,50,30.924692399974447,FULL
FS-Primary,classification,42,49,0.3338249517297527,,50,30.924692399974447,FULL
FS-Primary,classification,42,50,0.3337278453039365,,50,30.924692399974447,FULL
FS-Primary,classification,43,1,0.3454891702600868,,43,27.171097600017674,FULL
FS-Primary,classification,43,2,0.3374700967336383,,43,27.171097600017674,FULL
FS-Primary,classification,43,3,0.336674682454047,,43,27.171097600017674,FULL
FS-Primary,classification,43,4,0.3352988489794726,,43,27.171097600017674,FULL
FS-Primary,classification,43,5,0.3348619990852522,,43,27.171097600017674,FULL
FS-Primary,classification,43,6,0.33525932341879594,,43,27.171097600017674,FULL
FS-Primary,classification,43,7,0.33498301387135926,,43,27.171097600017674,FULL
FS-Primary,classification,43,8,0.3350003538101202,,43,27.171097600017674,FULL
FS-Primary,classification,43,9,0.33450745981836505,,43,27.171097600017674,FULL
FS-Primary,classification,43,10,0.33418893902542585,,43,27.171097600017674,FULL
FS-Primary,classification,43,11,0.334784278193544,,43,27.171097600017674,FULL
FS-Primary,classification,43,12,0.334652818056874,,43,27.171097600017674,FULL
FS-Primary,classification,43,13,0.33475496632677326,,43,27.171097600017674,FULL
FS-Primary,classification,43,14,0.33426506331915357,,43,27.171097600017674,FULL
FS-Primary,classification,43,15,0.3342134140213451,,43,27.171097600017674,FULL
FS-Primary,classification,43,16,0.33407552771896054,,43,27.171097600017674,FULL
FS-Primary,classification,43,17,0.334252879108771,,43,27.171097600017674,FULL
FS-Primary,classification,43,18,0.3343064340568099,,43,27.171097600017674,FULL
FS-Primary,classification,43,19,0.3340765797850258,,43,27.171097600017674,FULL
FS-Primary,classification,43,20,0.3341746547511089,,43,27.171097600017674,FULL
FS-Primary,classification,43,21,0.33394745248772484,,43,27.171097600017674,FULL
FS-Primary,classification,43,22,0.3340347917716981,,43,27.171097600017674,FULL
FS-Primary,classification,43,23,0.3340588831537264,,43,27.171097600017674,FULL
FS-Primary,classification,43,24,0.3339407250951095,,43,27.171097600017674,FULL
FS-Primary,classification,43,25,0.33422761756790526,,43,27.171097600017674,FULL
FS-Primary,classification,43,26,0.33418258754884483,,43,27.171097600017674,FULL
FS-Primary,classification,43,27,0.33380741567462413,,43,27.171097600017674,FULL
FS-Primary,classification,43,28,0.33410941270171757,,43,27.171097600017674,FULL
FS-Primary,classification,43,29,0.33382704614928654,,43,27.171097600017674,FULL
FS-Primary,classification,43,30,0.3340702994517377,,43,27.171097600017674,FULL
FS-Primary,classification,43,31,0.333909893282698,,43,27.171097600017674,FULL
FS-Primary,classification,43,32,0.33378843201290365,,43,27.171097600017674,FULL
FS-Primary,classification,43,33,0.3339312948086909,,43,27.171097600017674,FULL
FS-Primary,classification,43,34,0.33401932526552996,,43,27.171097600017674,FULL
FS-Primary,classification,43,35,0.33391026283794656,,43,27.171097600017674,FULL
FS-Primary,classification,43,36,0.3339424319589277,,43,27.171097600017674,FULL
FS-Primary,classification,43,37,0.333916020656043,,43,27.171097600017674,FULL
FS-Primary,classification,43,38,0.33396446025884496,,43,27.171097600017674,FULL
FS-Primary,classification,43,39,0.33390682031852836,,43,27.171097600017674,FULL
FS-Primary,classification,43,40,0.33413495128943865,,43,27.171097600017674,FULL
FS-Primary,classification,43,41,0.33383103712735196,,43,27.171097600017674,FULL
FS-Primary,classification,43,42,0.3337054724712825,,43,27.171097600017674,FULL
FS-Primary,classification,43,43,0.33378504544150445,,43,27.171097600017674,FULL
FS-Primary,classification,44,1,0.34555342838186454,,46,29.075447299983352,FULL
FS-Primary,classification,44,2,0.337153146013515,,46,29.075447299983352,FULL
FS-Primary,classification,44,3,0.3358439849802203,,46,29.075447299983352,FULL
FS-Primary,classification,44,4,0.3354717710546255,,46,29.075447299983352,FULL
FS-Primary,classification,44,5,0.33541227813652996,,46,29.075447299983352,FULL
FS-Primary,classification,44,6,0.3347496956526323,,46,29.075447299983352,FULL
FS-Primary,classification,44,7,0.3345704321067243,,46,29.075447299983352,FULL
FS-Primary,classification,44,8,0.33491045659869595,,46,29.075447299983352,FULL
FS-Primary,classification,44,9,0.334438429822121,,46,29.075447299983352,FULL
FS-Primary,classification,44,10,0.3342545138984235,,46,29.075447299983352,FULL
FS-Primary,classification,44,11,0.3345314752626984,,46,29.075447299983352,FULL
FS-Primary,classification,44,12,0.3344468066136357,,46,29.075447299983352,FULL
FS-Primary,classification,44,13,0.33447024316694574,,46,29.075447299983352,FULL
FS-Primary,classification,44,14,0.33440770739215575,,46,29.075447299983352,FULL
FS-Primary,classification,44,15,0.3342316032887534,,46,29.075447299983352,FULL
FS-Primary,classification,44,16,0.3343116301422834,,46,29.075447299983352,FULL
FS-Primary,classification,44,17,0.3342587276310789,,46,29.075447299983352,FULL
FS-Primary,classification,44,18,0.33434593294600334,,46,29.075447299983352,FULL
FS-Primary,classification,44,19,0.3344930407839047,,46,29.075447299983352,FULL
FS-Primary,classification,44,20,0.33417251994683206,,46,29.075447299983352,FULL
FS-Primary,classification,44,21,0.33407492078358425,,46,29.075447299983352,FULL
FS-Primary,classification,44,22,0.3339278802982287,,46,29.075447299983352,FULL
FS-Primary,classification,44,23,0.33412022253800944,,46,29.075447299983352,FULL
FS-Primary,classification,44,24,0.3341750800203611,,46,29.075447299983352,FULL
FS-Primary,classification,44,25,0.3343922620392488,,46,29.075447299983352,FULL
FS-Primary,classification,44,26,0.3342220651800268,,46,29.075447299983352,FULL
FS-Primary,classification,44,27,0.33417342583179194,,46,29.075447299983352,FULL
FS-Primary,classification,44,28,0.3338282248649009,,46,29.075447299983352,FULL
FS-Primary,classification,44,29,0.3338553727819582,,46,29.075447299983352,FULL
FS-Primary,classification,44,30,0.33366400688095527,,46,29.075447299983352,FULL
FS-Primary,classification,44,31,0.33398412302692543,,46,29.075447299983352,FULL
FS-Primary,classification,44,32,0.33395723199420446,,46,29.075447299983352,FULL
FS-Primary,classification,44,33,0.33373220961443084,,46,29.075447299983352,FULL
FS-Primary,classification,44,34,0.33421494972681254,,46,29.075447299983352,FULL
FS-Primary,classification,44,35,0.33380911047754314,,46,29.075447299983352,FULL
FS-Primary,classification,44,36,0.3339825305581482,,46,29.075447299983352,FULL
FS-Primary,classification,44,37,0.33397809149904034,,46,29.075447299983352,FULL
FS-Primary,classification,44,38,0.33387482957179526,,46,29.075447299983352,FULL
FS-Primary,classification,44,39,0.33399738055286254,,46,29.075447299983352,FULL
FS-Primary,classification,44,40,0.33379183662941453,,46,29.075447299983352,FULL
FS-Primary,classification,44,41,0.3338780676482096,,46,29.075447299983352,FULL
FS-Primary,classification,44,42,0.33373409819801914,,46,29.075447299983352,FULL
FS-Primary,classification,44,43,0.33385042862539893,,46,29.075447299983352,FULL
FS-Primary,classification,44,44,0.3337423905795453,,46,29.075447299983352,FULL
FS-Primary,classification,44,45,0.33382809247426126,,46,29.075447299983352,FULL
FS-Primary,classification,44,46,0.33362607558805757,,46,29.075447299983352,FULL
FS-Primary,classification,45,1,0.34342471077211323,,39,24.413521299953572,FULL
FS-Primary,classification,45,2,0.336875565058341,,39,24.413521299953572,FULL
FS-Primary,classification,45,3,0.3352418704175027,,39,24.413521299953572,FULL
FS-Primary,classification,45,4,0.3354950544553228,,39,24.413521299953572,FULL
FS-Primary,classification,45,5,0.3350850478145751,,39,24.413521299953572,FULL
FS-Primary,classification,45,6,0.334921460856167,,39,24.413521299953572,FULL
FS-Primary,classification,45,7,0.33492130480672483,,39,24.413521299953572,FULL
FS-Primary,classification,45,8,0.33440691450227633,,39,24.413521299953572,FULL
FS-Primary,classification,45,9,0.3346512044492165,,39,24.413521299953572,FULL
FS-Primary,classification,45,10,0.3343908990956431,,39,24.413521299953572,FULL
FS-Primary,classification,45,11,0.33444704353652005,,39,24.413521299953572,FULL
FS-Primary,classification,45,12,0.3345830212870202,,39,24.413521299953572,FULL
FS-Primary,classification,45,13,0.33425741422939576,,39,24.413521299953572,FULL
FS-Primary,classification,45,14,0.3343594388301981,,39,24.413521299953572,FULL
FS-Primary,classification,45,15,0.334453431024265,,39,24.413521299953572,FULL
FS-Primary,classification,45,16,0.33443854530783845,,39,24.413521299953572,FULL
FS-Primary,classification,45,17,0.3342458265736369,,39,24.413521299953572,FULL
FS-Primary,classification,45,18,0.3342727770109708,,39,24.413521299953572,FULL
FS-Primary,classification,45,19,0.3341898983762613,,39,24.413521299953572,FULL
FS-Primary,classification,45,20,0.3341101010810876,,39,24.413521299953572,FULL
FS-Primary,classification,45,21,0.3339732715466335,,39,24.413521299953572,FULL
FS-Primary,classification,45,22,0.33396572106201927,,39,24.413521299953572,FULL
FS-Primary,classification,45,23,0.3338526820776578,,39,24.413521299953572,FULL
FS-Primary,classification,45,24,0.3338989292660639,,39,24.413521299953572,FULL
FS-Primary,classification,45,25,0.3339264243042903,,39,24.413521299953572,FULL
FS-Primary,classification,45,26,0.33404501218177685,,39,24.413521299953572,FULL
FS-Primary,classification,45,27,0.3339120766569679,,39,24.413521299953572,FULL
FS-Primary,classification,45,28,0.3341154890376158,,39,24.413521299953572,FULL
FS-Primary,classification,45,29,0.3341533423102103,,39,24.413521299953572,FULL
FS-Primary,classification,45,30,0.33378051963948785,,39,24.413521299953572,FULL
FS-Primary,classification,45,31,0.3338395825412182,,39,24.413521299953572,FULL
FS-Primary,classification,45,32,0.3339406754747491,,39,24.413521299953572,FULL
FS-Primary,classification,45,33,0.33413540374049855,,39,24.413521299953572,FULL
FS-Primary,classification,45,34,0.33368982909183914,,39,24.413521299953572,FULL
FS-Primary,classification,45,35,0.3336660474984608,,39,24.413521299953572,FULL
FS-Primary,classification,45,36,0.33376294667824,,39,24.413521299953572,FULL
FS-Primary,classification,45,37,0.33369529414805355,,39,24.413521299953572,FULL
FS-Primary,classification,45,38,0.33364760172762764,,39,24.413521299953572,FULL
FS-Primary,classification,45,39,0.3336954350730313,,39,24.413521299953572,FULL
FS-Primary,classification,46,1,0.3424166545071466,,44,27.78081020002719,FULL
FS-Primary,classification,46,2,0.3363301721481052,,44,27.78081020002719,FULL
FS-Primary,classification,46,3,0.3358132524329903,,44,27.78081020002719,FULL
FS-Primary,classification,46,4,0.3354760448556131,,44,27.78081020002719,FULL
FS-Primary,classification,46,5,0.3351360762394055,,44,27.78081020002719,FULL
FS-Primary,classification,46,6,0.3347186922830682,,44,27.78081020002719,FULL
FS-Primary,classification,46,7,0.3347943889897792,,44,27.78081020002719,FULL
FS-Primary,classification,46,8,0.3346952965879786,,44,27.78081020002719,FULL
FS-Primary,classification,46,9,0.3343702885405196,,44,27.78081020002719,FULL
FS-Primary,classification,46,10,0.3343636380304663,,44,27.78081020002719,FULL
FS-Primary,classification,46,11,0.3345601649596626,,44,27.78081020002719,FULL
FS-Primary,classification,46,12,0.3345076749740915,,44,27.78081020002719,FULL
FS-Primary,classification,46,13,0.3344278493564615,,44,27.78081020002719,FULL
FS-Primary,classification,46,14,0.33408467832830935,,44,27.78081020002719,FULL
FS-Primary,classification,46,15,0.3344850138329851,,44,27.78081020002719,FULL
FS-Primary,classification,46,16,0.33410157149451714,,44,27.78081020002719,FULL
FS-Primary,classification,46,17,0.333848037876689,,44,27.78081020002719,FULL
FS-Primary,classification,46,18,0.33414854615486134,,44,27.78081020002719,FULL
FS-Primary,classification,46,19,0.33397170927646447,,44,27.78081020002719,FULL
FS-Primary,classification,46,20,0.3338999604507098,,44,27.78081020002719,FULL
FS-Primary,classification,46,21,0.333997507792325,,44,27.78081020002719,FULL
FS-Primary,classification,46,22,0.3342615434886966,,44,27.78081020002719,FULL
FS-Primary,classification,46,23,0.3340065337748136,,44,27.78081020002719,FULL
FS-Primary,classification,46,24,0.33411688203215123,,44,27.78081020002719,FULL
FS-Primary,classification,46,25,0.33396212874474956,,44,27.78081020002719,FULL
FS-Primary,classification,46,26,0.33383498296945424,,44,27.78081020002719,FULL
FS-Primary,classification,46,27,0.3339519670387908,,44,27.78081020002719,FULL
FS-Primary,classification,46,28,0.3336568176179197,,44,27.78081020002719,FULL
FS-Primary,classification,46,29,0.33397983853209606,,44,27.78081020002719,FULL
FS-Primary,classification,46,30,0.33399491365940714,,44,27.78081020002719,FULL
FS-Primary,classification,46,31,0.33401557507326757,,44,27.78081020002719,FULL
FS-Primary,classification,46,32,0.3340308317120408,,44,27.78081020002719,FULL
FS-Primary,classification,46,33,0.33383362623916246,,44,27.78081020002719,FULL
FS-Primary,classification,46,34,0.33385035131294044,,44,27.78081020002719,FULL
FS-Primary,classification,46,35,0.33379665153614874,,44,27.78081020002719,FULL
FS-Primary,classification,46,36,0.33376547266085826,,44,27.78081020002719,FULL
FS-Primary,classification,46,37,0.3338693995691254,,44,27.78081020002719,FULL
FS-Primary,classification,46,38,0.33376355488768245,,44,27.78081020002719,FULL
FS-Primary,classification,46,39,0.3339805007592076,,44,27.78081020002719,FULL
FS-Primary,classification,46,40,0.333649005186129,,44,27.78081020002719,FULL
FS-Primary,classification,46,41,0.3338738827859807,,44,27.78081020002719,FULL
FS-Primary,classification,46,42,0.3336922394112631,,44,27.78081020002719,FULL
FS-Primary,classification,46,43,0.33367726422665556,,44,27.78081020002719,FULL
FS-Primary,classification,46,44,0.33363370920675617,,44,27.78081020002719,FULL
FS-PM25,regression,42,1,15.060375058114051,0.1368874639950216,34,19.41084300004877,FULL
FS-PM25,regression,42,2,5.8974068572838645,0.1653477805258945,34,19.41084300004877,FULL
FS-PM25,regression,42,3,5.8480284760764425,0.16599302106076796,34,19.41084300004877,FULL
FS-PM25,regression,42,4,5.846165723962851,0.1654075141733483,34,19.41084300004877,FULL
FS-PM25,regression,42,5,5.8432991241080146,0.1659374453428586,34,19.41084300004877,FULL
FS-PM25,regression,42,6,5.844160496946745,0.16559548805193136,34,19.41084300004877,FULL
FS-PM25,regression,42,7,5.842137686712241,0.16553436194481153,34,19.41084300004877,FULL
FS-PM25,regression,42,8,5.8405238821629855,0.16439984904867488,34,19.41084300004877,FULL
FS-PM25,regression,42,9,5.842943503586335,0.16589256903348848,34,19.41084300004877,FULL
FS-PM25,regression,42,10,5.842863363954794,0.16607834574301394,34,19.41084300004877,FULL
FS-PM25,regression,42,11,5.841859771360076,0.1661259475246628,34,19.41084300004877,FULL
FS-PM25,regression,42,12,5.8410991639991074,0.16525009137423874,34,19.41084300004877,FULL
FS-PM25,regression,42,13,5.841129828309922,0.16497782595067256,34,19.41084300004877,FULL
FS-PM25,regression,42,14,5.840185688059074,0.16618037122501828,34,19.41084300004877,FULL
FS-PM25,regression,42,15,5.8423186015914235,0.16614959874248347,34,19.41084300004877,FULL
FS-PM25,regression,42,16,5.84272236670273,0.16308228884340803,34,19.41084300004877,FULL
FS-PM25,regression,42,17,5.840637303309558,0.1658350526649548,34,19.41084300004877,FULL
FS-PM25,regression,42,18,5.842750431608646,0.1664499501923039,34,19.41084300004877,FULL
FS-PM25,regression,42,19,5.839520503812542,0.16649999654740666,34,19.41084300004877,FULL
FS-PM25,regression,42,20,5.839831669473444,0.16547983876312222,34,19.41084300004877,FULL
FS-PM25,regression,42,21,5.838141944751834,0.1644998498615441,34,19.41084300004877,FULL
FS-PM25,regression,42,22,5.8418882424105565,0.1665162718288662,34,19.41084300004877,FULL
FS-PM25,regression,42,23,5.84187694113592,0.1658545995086287,34,19.41084300004877,FULL
FS-PM25,regression,42,24,5.839718790522312,0.16591028674188768,34,19.41084300004877,FULL
FS-PM25,regression,42,25,5.839166029951875,0.1659308501341078,34,19.41084300004877,FULL
FS-PM25,regression,42,26,5.841511300866263,0.16364954861644965,34,19.41084300004877,FULL
FS-PM25,regression,42,27,5.837756292667936,0.16572495151092337,34,19.41084300004877,FULL
FS-PM25,regression,42,28,5.840939781616592,0.16552718069508476,34,19.41084300004877,FULL
FS-PM25,regression,42,29,5.837046728599207,0.16576990623862609,34,19.41084300004877,FULL
FS-PM25,regression,42,30,5.836519947856994,0.16316772907125654,34,19.41084300004877,FULL
FS-PM25,regression,42,31,5.837288074046739,0.16596245813698696,34,19.41084300004877,FULL
FS-PM25,regression,42,32,5.838016197173039,0.1637357753109573,34,19.41084300004877,FULL
FS-PM25,regression,42,33,5.838357637131983,0.16645797212703772,34,19.41084300004877,FULL
FS-PM25,regression,42,34,5.838320143655655,0.16645377563557073,34,19.41084300004877,FULL
FS-PM25,regression,43,1,16.810763092585017,0.11982434205718528,41,23.542020900000352,FULL
FS-PM25,regression,43,2,5.90572795304004,0.159591330856643,41,23.542020900000352,FULL
FS-PM25,regression,43,3,5.8500175235630865,0.15900989519268438,41,23.542020900000352,FULL
FS-PM25,regression,43,4,5.847662097330036,0.15907500957246412,41,23.542020900000352,FULL
FS-PM25,regression,43,5,5.84840967279285,0.15919322797889668,41,23.542020900000352,FULL
FS-PM25,regression,43,6,5.845411861970248,0.1594121876707144,41,23.542020900000352,FULL
FS-PM25,regression,43,7,5.845660078869214,0.15993066870575834,41,23.542020900000352,FULL
FS-PM25,regression,43,8,5.850475168767162,0.15908269462389468,41,23.542020900000352,FULL
FS-PM25,regression,43,9,5.847026381192785,0.15967677041981787,41,23.542020900000352,FULL
FS-PM25,regression,43,10,5.848074178509122,0.1586085971516763,41,23.542020900000352,FULL
FS-PM25,regression,43,11,5.84771701671893,0.15828310659252365,41,23.542020900000352,FULL
FS-PM25,regression,43,12,5.846775203518588,0.15818136518534764,41,23.542020900000352,FULL
FS-PM25,regression,43,13,5.8460579062867986,0.15848602496932518,41,23.542020900000352,FULL
FS-PM25,regression,43,14,5.849365954560237,0.15950065644728717,41,23.542020900000352,FULL
FS-PM25,regression,43,15,5.846685190400944,0.15826200820050895,41,23.542020900000352,FULL
FS-PM25,regression,43,16,5.8507983056364905,0.15934870036325444,41,23.542020900000352,FULL
FS-PM25,regression,43,17,5.847136827011723,0.16001625339434777,41,23.542020900000352,FULL
FS-PM25,regression,43,18,5.847105063528209,0.15946435470744658,41,23.542020900000352,FULL
FS-PM25,regression,43,19,5.84475996002905,0.16012650048547017,41,23.542020900000352,FULL
FS-PM25,regression,43,20,5.8486951908229265,0.15850826168306087,41,23.542020900000352,FULL
FS-PM25,regression,43,21,5.846420393895308,0.15938345532939624,41,23.542020900000352,FULL
FS-PM25,regression,43,22,5.845577933591066,0.15920377428361876,41,23.542020900000352,FULL
FS-PM25,regression,43,23,5.8437815966704525,0.15926935396926267,41,23.542020900000352,FULL
FS-PM25,regression,43,24,5.846307924457739,0.15828726048462327,41,23.542020900000352,FULL
FS-PM25,regression,43,25,5.848235290753973,0.16032792109272942,41,23.542020900000352,FULL
FS-PM25,regression,43,26,5.8451053053103434,0.15888887504201388,41,23.542020900000352,FULL
FS-PM25,regression,43,27,5.84554647461783,0.1579233955057633,41,23.542020900000352,FULL
FS-PM25,regression,43,28,5.847471190189237,0.1600982824401287,41,23.542020900000352,FULL
FS-PM25,regression,43,29,5.8452732890023,0.15751583842910355,41,23.542020900000352,FULL
FS-PM25,regression,43,30,5.849212258251737,0.15777407295162893,41,23.542020900000352,FULL
FS-PM25,regression,43,31,5.845446484039516,0.16034716715550423,41,23.542020900000352,FULL
FS-PM25,regression,43,32,5.845382884168372,0.1570906782573257,41,23.542020900000352,FULL
FS-PM25,regression,43,33,5.8451920315272385,0.15990980687461476,41,23.542020900000352,FULL
FS-PM25,regression,43,34,5.842823163822736,0.15808289451092694,41,23.542020900000352,FULL
FS-PM25,regression,43,35,5.8439751519518195,0.15945885860473108,41,23.542020900000352,FULL
FS-PM25,regression,43,36,5.84390814373151,0.16019781830969382,41,23.542020900000352,FULL
FS-PM25,regression,43,37,5.845174624377325,0.15860395827561546,41,23.542020900000352,FULL
FS-PM25,regression,43,38,5.8451678395107605,0.15959731588626058,41,23.542020900000352,FULL
FS-PM25,regression,43,39,5.846070234407582,0.15936231595008132,41,23.542020900000352,FULL
FS-PM25,regression,43,40,5.8459564546526295,0.15963851350860503,41,23.542020900000352,FULL
FS-PM25,regression,43,41,5.843580234831393,0.16006155930340782,41,23.542020900000352,FULL
FS-PM25,regression,44,1,14.698745224824728,0.12250313618585529,51,28.90281140001025,FULL
FS-PM25,regression,44,2,5.85145608128088,0.1471591890194892,51,28.90281140001025,FULL
FS-PM25,regression,44,3,5.816449684091807,0.14794740042069665,51,28.90281140001025,FULL
FS-PM25,regression,44,4,5.815801795530903,0.14820809137901947,51,28.90281140001025,FULL
FS-PM25,regression,44,5,5.811526621729833,0.14783437107343267,51,28.90281140001025,FULL
FS-PM25,regression,44,6,5.813519481358233,0.14747629380296956,51,28.90281140001025,FULL
FS-PM25,regression,44,7,5.811982069174813,0.14782588022808407,51,28.90281140001025,FULL
FS-PM25,regression,44,8,5.8149598904690905,0.14862936149335126,51,28.90281140001025,FULL
FS-PM25,regression,44,9,5.8123494068792,0.1483798112237864,51,28.90281140001025,FULL
FS-PM25,regression,44,10,5.814071996848732,0.14824266176993217,51,28.90281140001025,FULL
FS-PM25,regression,44,11,5.813898103316205,0.14837479986961688,51,28.90281140001025,FULL
FS-PM25,regression,44,12,5.812179155496182,0.1485197304139073,51,28.90281140001025,FULL
FS-PM25,regression,44,13,5.810599033474891,0.1482703220170316,51,28.90281140001025,FULL
FS-PM25,regression,44,14,5.810584909657508,0.14887961571153285,51,28.90281140001025,FULL
FS-PM25,regression,44,15,5.811060205587311,0.14888575415140415,51,28.90281140001025,FULL
FS-PM25,regression,44,16,5.810673870126694,0.1491009226789184,51,28.90281140001025,FULL
FS-PM25,regression,44,17,5.81044767734864,0.1492073654890116,51,28.90281140001025,FULL
FS-PM25,regression,44,18,5.812056624893477,0.14891149423179517,51,28.90281140001025,FULL
FS-PM25,regression,44,19,5.810415744816187,0.14814388661313915,51,28.90281140001025,FULL
FS-PM25,regression,44,20,5.8083709430113535,0.14634322855178938,51,28.90281140001025,FULL
FS-PM25,regression,44,21,5.8097713392822055,0.1488860428580786,51,28.90281140001025,FULL
FS-PM25,regression,44,22,5.80957568382159,0.1454908616880447,51,28.90281140001025,FULL
FS-PM25,regression,44,23,5.810490020223084,0.14884132896242896,51,28.90281140001025,FULL
FS-PM25,regression,44,24,5.810348305198792,0.14918054493466149,51,28.90281140001025,FULL
FS-PM25,regression,44,25,5.810019901135728,0.14906310659935595,51,28.90281140001025,FULL
FS-PM25,regression,44,26,5.814363200630636,0.14919947973837666,51,28.90281140001025,FULL
FS-PM25,regression,44,27,5.8090527897880095,0.1492474514185046,51,28.90281140001025,FULL
FS-PM25,regression,44,28,5.809093130644878,0.14956786781468112,51,28.90281140001025,FULL
FS-PM25,regression,44,29,5.8081879802648935,0.1492365289259303,51,28.90281140001025,FULL
FS-PM25,regression,44,30,5.8099199811835245,0.14797097937953363,51,28.90281140001025,FULL
FS-PM25,regression,44,31,5.8090509972708695,0.1493121759848618,51,28.90281140001025,FULL
FS-PM25,regression,44,32,5.812180279374109,0.1478465118424368,51,28.90281140001025,FULL
FS-PM25,regression,44,33,5.811116502486328,0.1469300347321747,51,28.90281140001025,FULL
FS-PM25,regression,44,34,5.807763311711571,0.1493087701737651,51,28.90281140001025,FULL
FS-PM25,regression,44,35,5.811247885460946,0.14970655920302167,51,28.90281140001025,FULL
FS-PM25,regression,44,36,5.808172148230366,0.14814233139588207,51,28.90281140001025,FULL
FS-PM25,regression,44,37,5.808646383135682,0.14914382553801597,51,28.90281140001025,FULL
FS-PM25,regression,44,38,5.810151738577967,0.14910954929743003,51,28.90281140001025,FULL
FS-PM25,regression,44,39,5.810956737721855,0.1486438868250457,51,28.90281140001025,FULL
FS-PM25,regression,44,40,5.806762996262049,0.14876975452047658,51,28.90281140001025,FULL
FS-PM25,regression,44,41,5.80949918064583,0.14575641209458112,51,28.90281140001025,FULL
FS-PM25,regression,44,42,5.806683366470944,0.14946319875383984,51,28.90281140001025,FULL
FS-PM25,regression,44,43,5.808718782774101,0.14961135489371913,51,28.90281140001025,FULL
FS-PM25,regression,44,44,5.808171587123364,0.1487549723159638,51,28.90281140001025,FULL
FS-PM25,regression,44,45,5.810907063789636,0.1492445767974221,51,28.90281140001025,FULL
FS-PM25,regression,44,46,5.810091274206739,0.1491430128878949,51,28.90281140001025,FULL
FS-PM25,regression,44,47,5.8062464071504225,0.1480834591457182,51,28.90281140001025,FULL
FS-PM25,regression,44,48,5.8089516484286,0.14834589980214086,51,28.90281140001025,FULL
FS-PM25,regression,44,49,5.808777957583284,0.14941149677107657,51,28.90281140001025,FULL
FS-PM25,regression,44,50,5.807765397154245,0.14879952812779795,51,28.90281140001025,FULL
FS-PM25,regression,44,51,5.806047070768892,0.1489537952279124,51,28.90281140001025,FULL
FS-PM25,regression,45,1,16.807450026639078,0.10495759442584629,65,36.97077340004034,FULL
FS-PM25,regression,45,2,5.926622645467345,0.1549797370240925,65,36.97077340004034,FULL
FS-PM25,regression,45,3,5.853193526578724,0.15670604481658568,65,36.97077340004034,FULL
FS-PM25,regression,45,4,5.850041457254251,0.15703585104107542,65,36.97077340004034,FULL
FS-PM25,regression,45,5,5.847497584280998,0.15676089347282574,65,36.97077340004034,FULL
FS-PM25,regression,45,6,5.845327915396897,0.15673422576898288,65,36.97077340004034,FULL
FS-PM25,regression,45,7,5.844194160656159,0.1546380448297271,65,36.97077340004034,FULL
FS-PM25,regression,45,8,5.847202808276355,0.15726878807022138,65,36.97077340004034,FULL
FS-PM25,regression,45,9,5.845650726330718,0.1572755484315671,65,36.97077340004034,FULL
FS-PM25,regression,45,10,5.842514137985468,0.1564870661842359,65,36.97077340004034,FULL
FS-PM25,regression,45,11,5.844856771471881,0.15733394857317784,65,36.97077340004034,FULL
FS-PM25,regression,45,12,5.843101933954867,0.15662432430529127,65,36.97077340004034,FULL
FS-PM25,regression,45,13,5.842447892284498,0.15678993134989472,65,36.97077340004034,FULL
FS-PM25,regression,45,14,5.844080207292578,0.1570606729350703,65,36.97077340004034,FULL
FS-PM25,regression,45,15,5.844268419731348,0.157163893580459,65,36.97077340004034,FULL
FS-PM25,regression,45,16,5.844158320212065,0.15467018733477766,65,36.97077340004034,FULL
FS-PM25,regression,45,17,5.841558759197852,0.15752525115413873,65,36.97077340004034,FULL
FS-PM25,regression,45,18,5.843473586808216,0.15707544176621968,65,36.97077340004034,FULL
FS-PM25,regression,45,19,5.842067979063703,0.1539216840069657,65,36.97077340004034,FULL
FS-PM25,regression,45,20,5.841810009461857,0.15766410023054944,65,36.97077340004034,FULL
FS-PM25,regression,45,21,5.842582046617733,0.1556686407606095,65,36.97077340004034,FULL
FS-PM25,regression,45,22,5.842027379355526,0.15720798658310864,65,36.97077340004034,FULL
FS-PM25,regression,45,23,5.839607518420033,0.15573720392791823,65,36.97077340004034,FULL
FS-PM25,regression,45,24,5.842338766028308,0.15727146341716902,65,36.97077340004034,FULL
FS-PM25,regression,45,25,5.8412291153009495,0.15491076204372334,65,36.97077340004034,FULL
FS-PM25,regression,45,26,5.841943598070325,0.15411765663429688,65,36.97077340004034,FULL
FS-PM25,regression,45,27,5.842886200796131,0.1568228292709264,65,36.97077340004034,FULL
FS-PM25,regression,45,28,5.8423591227923675,0.15736437278767823,65,36.97077340004034,FULL
FS-PM25,regression,45,29,5.84229166133175,0.15426131198184434,65,36.97077340004034,FULL
FS-PM25,regression,45,30,5.843431960912735,0.15562593732853092,65,36.97077340004034,FULL
FS-PM25,regression,45,31,5.840717386125644,0.1567649938998571,65,36.97077340004034,FULL
FS-PM25,regression,45,32,5.842024143119057,0.1540030058712154,65,36.97077340004034,FULL
FS-PM25,regression,45,33,5.8401637648224245,0.15787567890955267,65,36.97077340004034,FULL
FS-PM25,regression,45,34,5.83987521490528,0.15719625119038605,65,36.97077340004034,FULL
FS-PM25,regression,45,35,5.841502030867584,0.1568424550923525,65,36.97077340004034,FULL
FS-PM25,regression,45,36,5.842798599098512,0.15725245674856003,65,36.97077340004034,FULL
FS-PM25,regression,45,37,5.84002203476383,0.15766143983665448,65,36.97077340004034,FULL
FS-PM25,regression,45,38,5.8424853140450885,0.15697660251288426,65,36.97077340004034,FULL
FS-PM25,regression,45,39,5.841036655474901,0.15532773981018988,65,36.97077340004034,FULL
FS-PM25,regression,45,40,5.841384670548202,0.15743847248294884,65,36.97077340004034,FULL
FS-PM25,regression,45,41,5.841145644916598,0.15601256405167763,65,36.97077340004034,FULL
FS-PM25,regression,45,42,5.84467718376289,0.15625742850608426,65,36.97077340004034,FULL
FS-PM25,regression,45,43,5.840777326695524,0.15771834962325249,65,36.97077340004034,FULL
FS-PM25,regression,45,44,5.840240560227399,0.15659662340107106,65,36.97077340004034,FULL
FS-PM25,regression,45,45,5.841169950055908,0.1566780847996958,65,36.97077340004034,FULL
FS-PM25,regression,45,46,5.8414397090815005,0.15771100764475976,65,36.97077340004034,FULL
FS-PM25,regression,45,47,5.841772543575173,0.1561256391858269,65,36.97077340004034,FULL
FS-PM25,regression,45,48,5.839601132450924,0.15759531172078423,65,36.97077340004034,FULL
FS-PM25,regression,45,49,5.839324026231437,0.15802108750530697,65,36.97077340004034,FULL
FS-PM25,regression,45,50,5.841742908518129,0.15798283091385623,65,36.97077340004034,FULL
FS-PM25,regression,45,51,5.841265890619292,0.15640389632094265,65,36.97077340004034,FULL
FS-PM25,regression,45,52,5.839278255608164,0.15640958581363573,65,36.97077340004034,FULL
FS-PM25,regression,45,53,5.838613197302873,0.15718854104224422,65,36.97077340004034,FULL
FS-PM25,regression,45,54,5.842090206474504,0.15765762629547342,65,36.97077340004034,FULL
FS-PM25,regression,45,55,5.83838327521457,0.15767251739611132,65,36.97077340004034,FULL
FS-PM25,regression,45,56,5.83910493202243,0.15739450250488662,65,36.97077340004034,FULL
FS-PM25,regression,45,57,5.837722989690044,0.1576956461818222,65,36.97077340004034,FULL
FS-PM25,regression,45,58,5.839973348845731,0.15788530423670588,65,36.97077340004034,FULL
FS-PM25,regression,45,59,5.838588440981077,0.15346028316460725,65,36.97077340004034,FULL
FS-PM25,regression,45,60,5.839966048668691,0.15557018784339072,65,36.97077340004034,FULL
FS-PM25,regression,45,61,5.842061846865967,0.15684522409594348,65,36.97077340004034,FULL
FS-PM25,regression,45,62,5.8384538521994305,0.15583630591035413,65,36.97077340004034,FULL
FS-PM25,regression,45,63,5.841331867527289,0.1555738162499487,65,36.97077340004034,FULL
FS-PM25,regression,45,64,5.838176449183686,0.15756784973172067,65,36.97077340004034,FULL
FS-PM25,regression,45,65,5.836447680820102,0.15306143536837258,65,36.97077340004034,FULL
FS-PM25,regression,46,1,19.394820929028278,0.0952289773764683,25,14.477039500023238,FULL
FS-PM25,regression,46,2,5.916253913824684,0.13921864017872176,25,14.477039500023238,FULL
FS-PM25,regression,46,3,5.844617505730884,0.1402826664700091,25,14.477039500023238,FULL
FS-PM25,regression,46,4,5.841280458944602,0.1412280214353243,25,14.477039500023238,FULL
FS-PM25,regression,46,5,5.84164585712418,0.1408855684425505,25,14.477039500023238,FULL
FS-PM25,regression,46,6,5.8395521588711095,0.1420437506076857,25,14.477039500023238,FULL
FS-PM25,regression,46,7,5.83906950323727,0.14071125613536395,25,14.477039500023238,FULL
FS-PM25,regression,46,8,5.839670601088417,0.13711280126730607,25,14.477039500023238,FULL
FS-PM25,regression,46,9,5.839949649698685,0.14374961586510493,25,14.477039500023238,FULL
FS-PM25,regression,46,10,5.841279980839874,0.14332587328176505,25,14.477039500023238,FULL
FS-PM25,regression,46,11,5.839197032331883,0.14219431777441216,25,14.477039500023238,FULL
FS-PM25,regression,46,12,5.837718707848707,0.14178453798843627,25,14.477039500023238,FULL
FS-PM25,regression,46,13,5.838335976068752,0.14305937047452777,25,14.477039500023238,FULL
FS-PM25,regression,46,14,5.838655249791696,0.14070721463025582,25,14.477039500023238,FULL
FS-PM25,regression,46,15,5.83861283306657,0.1435000844922648,25,14.477039500023238,FULL
FS-PM25,regression,46,16,5.836573171031757,0.1381922362715916,25,14.477039500023238,FULL
FS-PM25,regression,46,17,5.838138173630798,0.14247319343281317,25,14.477039500023238,FULL
FS-PM25,regression,46,18,5.8360300626424015,0.14370417477587616,25,14.477039500023238,FULL
FS-PM25,regression,46,19,5.839211699766338,0.14329482793199355,25,14.477039500023238,FULL
FS-PM25,regression,46,20,5.838023122390758,0.14095908375497923,25,14.477039500023238,FULL
FS-PM25,regression,46,21,5.838619622744251,0.14188694177329675,25,14.477039500023238,FULL
FS-PM25,regression,46,22,5.838684642342329,0.13491541936269447,25,14.477039500023238,FULL
FS-PM25,regression,46,23,5.836617414750793,0.14154076191776366,25,14.477039500023238,FULL
FS-PM25,regression,46,24,5.837939493146023,0.1438192094317936,25,14.477039500023238,FULL
FS-PM25,regression,46,25,5.836201568535473,0.14265998548381387,25,14.477039500023238,FULL
FS-PM25,classification,42,1,0.34897369468597267,,30,8.538023800007068,FULL
FS-PM25,classification,42,2,0.3347844546916001,,30,8.538023800007068,FULL
FS-PM25,classification,42,3,0.3346007679676978,,30,8.538023800007068,FULL
FS-PM25,classification,42,4,0.3343493646207456,,30,8.538023800007068,FULL
FS-PM25,classification,42,5,0.3341148060309122,,30,8.538023800007068,FULL
FS-PM25,classification,42,6,0.3340445164056252,,30,8.538023800007068,FULL
FS-PM25,classification,42,7,0.3340750449547784,,30,8.538023800007068,FULL
FS-PM25,classification,42,8,0.333854430682724,,30,8.538023800007068,FULL
FS-PM25,classification,42,9,0.3335557736333845,,30,8.538023800007068,FULL
FS-PM25,classification,42,10,0.3336888620148103,,30,8.538023800007068,FULL
FS-PM25,classification,42,11,0.3337653999440369,,30,8.538023800007068,FULL
FS-PM25,classification,42,12,0.33368010201363013,,30,8.538023800007068,FULL
FS-PM25,classification,42,13,0.33372669158014545,,30,8.538023800007068,FULL
FS-PM25,classification,42,14,0.33344854272414953,,30,8.538023800007068,FULL
FS-PM25,classification,42,15,0.3334743386277853,,30,8.538023800007068,FULL
FS-PM25,classification,42,16,0.33355154203239007,,30,8.538023800007068,FULL
FS-PM25,classification,42,17,0.33358355918845983,,30,8.538023800007068,FULL
FS-PM25,classification,42,18,0.333592899538913,,30,8.538023800007068,FULL
FS-PM25,classification,42,19,0.333733433232401,,30,8.538023800007068,FULL
FS-PM25,classification,42,20,0.33347844619671424,,30,8.538023800007068,FULL
FS-PM25,classification,42,21,0.3333979411015339,,30,8.538023800007068,FULL
FS-PM25,classification,42,22,0.3334735331134938,,30,8.538023800007068,FULL
FS-PM25,classification,42,23,0.3335934809150552,,30,8.538023800007068,FULL
FS-PM25,classification,42,24,0.33335138315001805,,30,8.538023800007068,FULL
FS-PM25,classification,42,25,0.33349893574721323,,30,8.538023800007068,FULL
FS-PM25,classification,42,26,0.33346712001114176,,30,8.538023800007068,FULL
FS-PM25,classification,42,27,0.33347529247114227,,30,8.538023800007068,FULL
FS-PM25,classification,42,28,0.33362226155907854,,30,8.538023800007068,FULL
FS-PM25,classification,42,29,0.3334461197840727,,30,8.538023800007068,FULL
FS-PM25,classification,42,30,0.3333924552631086,,30,8.538023800007068,FULL
FS-PM25,classification,43,1,0.3463348022797899,,32,9.154177600052208,FULL
FS-PM25,classification,43,2,0.3350457428068858,,32,9.154177600052208,FULL
FS-PM25,classification,43,3,0.33448338943811357,,32,9.154177600052208,FULL
FS-PM25,classification,43,4,0.3344808124209413,,32,9.154177600052208,FULL
FS-PM25,classification,43,5,0.33420379715352605,,32,9.154177600052208,FULL
FS-PM25,classification,43,6,0.3341239189471788,,32,9.154177600052208,FULL
FS-PM25,classification,43,7,0.33405159481100744,,32,9.154177600052208,FULL
FS-PM25,classification,43,8,0.33381166297014464,,32,9.154177600052208,FULL
FS-PM25,classification,43,9,0.3339078172007486,,32,9.154177600052208,FULL
FS-PM25,classification,43,10,0.33390755730098004,,32,9.154177600052208,FULL
FS-PM25,classification,43,11,0.333784949895146,,32,9.154177600052208,FULL
FS-PM25,classification,43,12,0.3336372805485587,,32,9.154177600052208,FULL
FS-PM25,classification,43,13,0.33363188462857585,,32,9.154177600052208,FULL
FS-PM25,classification,43,14,0.3336523432809756,,32,9.154177600052208,FULL
FS-PM25,classification,43,15,0.3335182460540957,,32,9.154177600052208,FULL
FS-PM25,classification,43,16,0.3334064602775936,,32,9.154177600052208,FULL
FS-PM25,classification,43,17,0.33352952410155823,,32,9.154177600052208,FULL
FS-PM25,classification,43,18,0.3335302456821717,,32,9.154177600052208,FULL
FS-PM25,classification,43,19,0.3334335020944964,,32,9.154177600052208,FULL
FS-PM25,classification,43,20,0.33337608017405224,,32,9.154177600052208,FULL
FS-PM25,classification,43,21,0.3335705387094739,,32,9.154177600052208,FULL
FS-PM25,classification,43,22,0.3334353407678325,,32,9.154177600052208,FULL
FS-PM25,classification,43,23,0.33343545648497835,,32,9.154177600052208,FULL
FS-PM25,classification,43,24,0.33346103523190934,,32,9.154177600052208,FULL
FS-PM25,classification,43,25,0.3333632876022512,,32,9.154177600052208,FULL
FS-PM25,classification,43,26,0.3334036037395071,,32,9.154177600052208,FULL
FS-PM25,classification,43,27,0.33353161869071024,,32,9.154177600052208,FULL
FS-PM25,classification,43,28,0.33333943449853115,,32,9.154177600052208,FULL
FS-PM25,classification,43,29,0.33358531325143975,,32,9.154177600052208,FULL
FS-PM25,classification,43,30,0.3333455739463595,,32,9.154177600052208,FULL
FS-PM25,classification,43,31,0.33336673394631405,,32,9.154177600052208,FULL
FS-PM25,classification,43,32,0.33350433948190356,,32,9.154177600052208,FULL
FS-PM25,classification,44,1,0.34511281882710987,,28,7.965907700010575,FULL
FS-PM25,classification,44,2,0.3347776232329189,,28,7.965907700010575,FULL
FS-PM25,classification,44,3,0.3343913825284694,,28,7.965907700010575,FULL
FS-PM25,classification,44,4,0.33402956087953534,,28,7.965907700010575,FULL
FS-PM25,classification,44,5,0.333935736975237,,28,7.965907700010575,FULL
FS-PM25,classification,44,6,0.3339584330543832,,28,7.965907700010575,FULL
FS-PM25,classification,44,7,0.33378707854180373,,28,7.965907700010575,FULL
FS-PM25,classification,44,8,0.3335606566060177,,28,7.965907700010575,FULL
FS-PM25,classification,44,9,0.3337038620004749,,28,7.965907700010575,FULL
FS-PM25,classification,44,10,0.3335351020986348,,28,7.965907700010575,FULL
FS-PM25,classification,44,11,0.3336371871047314,,28,7.965907700010575,FULL
FS-PM25,classification,44,12,0.33341384534776913,,28,7.965907700010575,FULL
FS-PM25,classification,44,13,0.3334912352368989,,28,7.965907700010575,FULL
FS-PM25,classification,44,14,0.3334270880035523,,28,7.965907700010575,FULL
FS-PM25,classification,44,15,0.33343087927462106,,28,7.965907700010575,FULL
FS-PM25,classification,44,16,0.3335342728444871,,28,7.965907700010575,FULL
FS-PM25,classification,44,17,0.33341974780884404,,28,7.965907700010575,FULL
FS-PM25,classification,44,18,0.3335837483680904,,28,7.965907700010575,FULL
FS-PM25,classification,44,19,0.3334382958372725,,28,7.965907700010575,FULL
FS-PM25,classification,44,20,0.3334631522454653,,28,7.965907700010575,FULL
FS-PM25,classification,44,21,0.33353366847076815,,28,7.965907700010575,FULL
FS-PM25,classification,44,22,0.33336530256903313,,28,7.965907700010575,FULL
FS-PM25,classification,44,23,0.3334264359444893,,28,7.965907700010575,FULL
FS-PM25,classification,44,24,0.3334166838966112,,28,7.965907700010575,FULL
FS-PM25,classification,44,25,0.3335682261364178,,28,7.965907700010575,FULL
FS-PM25,classification,44,26,0.33348858022392347,,28,7.965907700010575,FULL
FS-PM25,classification,44,27,0.3334156348666852,,28,7.965907700010575,FULL
FS-PM25,classification,44,28,0.3333554854372122,,28,7.965907700010575,FULL
FS-PM25,classification,45,1,0.34378221300037204,,29,8.20907929999521,FULL
FS-PM25,classification,45,2,0.33475947374810366,,29,8.20907929999521,FULL
FS-PM25,classification,45,3,0.33439269890545226,,29,8.20907929999521,FULL
FS-PM25,classification,45,4,0.3340106247586026,,29,8.20907929999521,FULL
FS-PM25,classification,45,5,0.33423196182990283,,29,8.20907929999521,FULL
FS-PM25,classification,45,6,0.3338732531670633,,29,8.20907929999521,FULL
FS-PM25,classification,45,7,0.33376624814368283,,29,8.20907929999521,FULL
FS-PM25,classification,45,8,0.3340062018039369,,29,8.20907929999521,FULL
FS-PM25,classification,45,9,0.3337983624769283,,29,8.20907929999521,FULL
FS-PM25,classification,45,10,0.3337996207394,,29,8.20907929999521,FULL
FS-PM25,classification,45,11,0.3337383020687246,,29,8.20907929999521,FULL
FS-PM25,classification,45,12,0.3336225254824963,,29,8.20907929999521,FULL
FS-PM25,classification,45,13,0.33340476421246085,,29,8.20907929999521,FULL
FS-PM25,classification,45,14,0.3336077782688572,,29,8.20907929999521,FULL
FS-PM25,classification,45,15,0.3335161996270662,,29,8.20907929999521,FULL
FS-PM25,classification,45,16,0.33357332132688694,,29,8.20907929999521,FULL
FS-PM25,classification,45,17,0.333670457181716,,29,8.20907929999521,FULL
FS-PM25,classification,45,18,0.33349993806246103,,29,8.20907929999521,FULL
FS-PM25,classification,45,19,0.3335345801477668,,29,8.20907929999521,FULL
FS-PM25,classification,45,20,0.3334860201524589,,29,8.20907929999521,FULL
FS-PM25,classification,45,21,0.3335570020816518,,29,8.20907929999521,FULL
FS-PM25,classification,45,22,0.3334333801554438,,29,8.20907929999521,FULL
FS-PM25,classification,45,23,0.3335040335061821,,29,8.20907929999521,FULL
FS-PM25,classification,45,24,0.3334814273832783,,29,8.20907929999521,FULL
FS-PM25,classification,45,25,0.33337403991716835,,29,8.20907929999521,FULL
FS-PM25,classification,45,26,0.3334766706689477,,29,8.20907929999521,FULL
FS-PM25,classification,45,27,0.33349911586642716,,29,8.20907929999521,FULL
FS-PM25,classification,45,28,0.3334448089992048,,29,8.20907929999521,FULL
FS-PM25,classification,45,29,0.3333742040101195,,29,8.20907929999521,FULL
FS-PM25,classification,46,1,0.3653781934004846,,33,9.37710959999822,FULL
FS-PM25,classification,46,2,0.33496159347995136,,33,9.37710959999822,FULL
FS-PM25,classification,46,3,0.3346582870411906,,33,9.37710959999822,FULL
FS-PM25,classification,46,4,0.33441674900304275,,33,9.37710959999822,FULL
FS-PM25,classification,46,5,0.33428300113694187,,33,9.37710959999822,FULL
FS-PM25,classification,46,6,0.3342934217677953,,33,9.37710959999822,FULL
FS-PM25,classification,46,7,0.3339565994840082,,33,9.37710959999822,FULL
FS-PM25,classification,46,8,0.3339200185551869,,33,9.37710959999822,FULL
FS-PM25,classification,46,9,0.33376386926123847,,33,9.37710959999822,FULL
FS-PM25,classification,46,10,0.33389484854943235,,33,9.37710959999822,FULL
FS-PM25,classification,46,11,0.3338477521216622,,33,9.37710959999822,FULL
FS-PM25,classification,46,12,0.3337923049475757,,33,9.37710959999822,FULL
FS-PM25,classification,46,13,0.3337483474830725,,33,9.37710959999822,FULL
FS-PM25,classification,46,14,0.33376164817934356,,33,9.37710959999822,FULL
FS-PM25,classification,46,15,0.3336633438284769,,33,9.37710959999822,FULL
FS-PM25,classification,46,16,0.3335964574753103,,33,9.37710959999822,FULL
FS-PM25,classification,46,17,0.3334432119665442,,33,9.37710959999822,FULL
FS-PM25,classification,46,18,0.3335162602988399,,33,9.37710959999822,FULL
FS-PM25,classification,46,19,0.33352303970006236,,33,9.37710959999822,FULL
FS-PM25,classification,46,20,0.33339339143793856,,33,9.37710959999822,FULL
FS-PM25,classification,46,21,0.3335240680144684,,33,9.37710959999822,FULL
FS-PM25,classification,46,22,0.3334387081390855,,33,9.37710959999822,FULL
FS-PM25,classification,46,23,0.3332951190607737,,33,9.37710959999822,FULL
FS-PM25,classification,46,24,0.33354679709859375,,33,9.37710959999822,FULL
FS-PM25,classification,46,25,0.33340499020673864,,33,9.37710959999822,FULL
FS-PM25,classification,46,26,0.3333617834689064,,33,9.37710959999822,FULL
FS-PM25,classification,46,27,0.3335288583434123,,33,9.37710959999822,FULL
FS-PM25,classification,46,28,0.33342834350249007,,33,9.37710959999822,FULL
FS-PM25,classification,46,29,0.33353648769321176,,33,9.37710959999822,FULL
FS-PM25,classification,46,30,0.33332023193008375,,33,9.37710959999822,FULL
FS-PM25,classification,46,31,0.3334070118767983,,33,9.37710959999822,FULL
FS-PM25,classification,46,32,0.33340265429428984,,33,9.37710959999822,FULL
FS-PM25,classification,46,33,0.33340409767243273,,33,9.37710959999822,FULL
