feature_set,task,stage,mean_fit_time,std_fit_time,mean_score_time,std_score_time,param_model__alpha,param_model__hidden_layer_sizes,param_model__learning_rate_init,params,split0_test_rmse,split1_test_rmse,split2_test_rmse,split3_test_rmse,split4_test_rmse,mean_test_rmse,std_test_rmse,rank_test_rmse,split0_test_mae,split1_test_mae,split2_test_mae,split3_test_mae,split4_test_mae,mean_test_mae,std_test_mae,rank_test_mae,split0_test_r2,split1_test_r2,split2_test_r2,split3_test_r2,split4_test_r2,mean_test_r2,std_test_r2,rank_test_r2,n_iter,cv_folds,rows_used,mode,split0_test_pr_auc,split1_test_pr_auc,split2_test_pr_auc,split3_test_pr_auc,split4_test_pr_auc,mean_test_pr_auc,std_test_pr_auc,rank_test_pr_auc,split0_test_roc_auc,split1_test_roc_auc,split2_test_roc_auc,split3_test_roc_auc,split4_test_roc_auc,mean_test_roc_auc,std_test_roc_auc,rank_test_roc_auc
FS-Primary,regression,main,4.219528007507324,0.6897049485706178,0.02076692581176758,0.0036438808640843158,7.459343285726558e-05,"(32,)",0.003,"{'model__alpha': np.float64(7.459343285726558e-05), 'model__hidden_layer_sizes': (32,), 'model__learning_rate_init': 0.003}",-3.4296375316600023,-3.4377202502856,-3.4150034446342175,-3.4267627706175943,-3.411848172993304,3.4241944340381436,0.009550662989309013,11.0,-2.715188974004638,-2.7250565630443337,-2.708468848192835,-2.721309880428878,-2.709783303790277,2.715961513892192,0.006422337283484917,7.0,0.1512769361276748,0.14934084294244188,0.14867055861551703,0.15042551710689844,0.15448597719674206,0.15083996639785485,0.002030261400204051,5.0,20,5,70791,FULL,,,,,,,,,,,,,,,,
FS-Primary,regression,main,11.616382265090943,2.3936185009254007,0.01979174613952637,0.002795923784299333,0.004570563099801453,"(32,)",0.0003,"{'model__alpha': np.float64(0.004570563099801453), 'model__hidden_layer_sizes': (32,), 'model__learning_rate_init': 0.0003}",-3.4283799379660334,-3.434194215393473,-3.4157229514787804,-3.426269866038654,-3.4104706726061216,3.423007528696613,0.008658930781815882,3.0,-2.7149872756662026,-2.7194048926058096,-2.7122206677695404,-2.72022733827084,-2.7068640131675403,2.7147408374959867,0.004905332803041475,1.0,0.15189924858679982,0.15108497300310908,0.14831178774004727,0.15066990463162622,0.15516857543525664,0.1514268978793678,0.002218879388397767,1.0,20,5,70791,FULL,,,,,,,,,,,,,,,,
FS-Primary,regression,main,18.17516894340515,4.396896351883184,0.05582218170166016,0.010586846808921684,6.026889128682509e-06,"(128, 64, 32)",0.003,"{'model__alpha': np.float64(6.026889128682509e-06), 'model__hidden_layer_sizes': (128, 64, 32), 'model__learning_rate_init': 0.003}",-3.432794607743579,-3.4360975107910985,-3.415813715261872,-3.4351532121748605,-3.415432128230748,3.4270582348404317,0.009399454423460215,25.0,-2.715062928101859,-2.723639648580798,-2.7113533845145064,-2.727106372417035,-2.706965979052464,2.7168256625333322,0.007515182224032307,9.0,0.14971367089572252,0.15014374271836894,0.14826652442548038,0.14626005111704932,0.1527087140662754,0.14941854064457932,0.00213267243253096,16.0,20,5,70791,FULL,,,,,,,,,,,,,,,,
FS-Primary,regression,main,3.7509018421173095,0.628840750510238,0.023631477355957033,0.014254176571042792,1.9517224641449486e-06,"(32,)",0.003,"{'model__alpha': np.float64(1.9517224641449486e-06), 'model__hidden_layer_sizes': (32,), 'model__learning_rate_init': 0.003}",-3.4296172419988555,-3.4385287875221895,-3.4151703438189185,-3.4264785386918177,-3.4118746997635445,3.4243339223590654,0.009728416541003508,12.0,-2.7151290457562105,-2.720190748522125,-2.7086689996170064,-2.7210738493742257,-2.7098401651001542,2.7149805616739444,0.005109906888553875,3.0,0.1512869781523941,0.14894065302782045,0.14858734367062776,0.15056644672061104,0.15447282957570418,0.1507708502294315,0.0021038128527334954,6.0,20,5,70791,FULL,,,,,,,,,,,,,,,,
FS-Primary,regression,main,10.63164119720459,1.8307665998688178,0.02757124900817871,0.0021789236831974493,1.2674255898937221e-06,"(64, 32)",0.001,"{'model__alpha': np.float64(1.2674255898937221e-06), 'model__hidden_layer_sizes': (64, 32), 'model__learning_rate_init': 0.001}",-3.433697728503453,-3.438581980501194,-3.4142038096904606,-3.4301977792114933,-3.4137439928016553,3.426085058141651,0.01024213114133179,17.0,-2.7191406390693027,-2.7245699997353334,-2.711608779671331,-2.7246383674196406,-2.708107179514839,2.7176129930820894,0.0067305363631066555,12.0,0.14926621490908776,0.14891432157333406,0.1490691954430926,0.1487214258088928,0.15354608333570707,0.14990344821402285,0.0018301028975443118,10.0,20,5,70791,FULL,,,,,,,,,,,,,,,,
FS-Primary,regression,main,11.089630746841431,2.4037272249434967,0.023921775817871093,0.0037132411521341394,1.152644954031562e-05,"(32,)",0.0003,"{'model__alpha': np.float64(1.152644954031562e-05), 'model__hidden_layer_sizes': (32,), 'model__learning_rate_init': 0.0003}",-3.4284250104891743,-3.434194837058402,-3.4157515690588336,-3.4262359761662036,-3.4104859722715952,3.423018673008842,0.008652924996900213,5.0,-2.7150965229425936,-2.7194090911963777,-2.712257838633749,-2.7202186490921645,-2.7068832848534186,2.7147730773436605,0.004895441644490853,2.0,0.15187694867097234,0.15108466565837864,0.14829751646685407,0.1506867063123889,0.1551609954450377,0.15142136651072632,0.002218283653578449,2.0,20,5,70791,FULL,,,,,,,,,,,,,,,,
FS-Primary,regression,main,15.003076410293579,2.322160028565321,0.02961101531982422,0.0025626077378837152,3.320559103751961e-05,"(64, 32)",0.0003,"{'model__alpha': np.float64(3.320559103751961e-05), 'model__hidden_layer_sizes': (64, 32), 'model__learning_rate_init': 0.0003}",-3.4331638588416147,-3.439369886048959,-3.4157480275409062,-3.4295437740770534,-3.410417705074929,3.4256486503166927,0.01086210552892985,14.0,-2.7199738748053455,-2.7249867152279226,-2.7128067801216145,-2.723740365021189,-2.7072407652713015,2.717749700089475,0.006753955528817154,13.0,0.14953073769830894,0.1485242468517387,0.14829928258947123,0.14904600620910313,0.15519481714300687,0.15011901809832578,0.002573553843873084,7.0,20,5,70791,FULL,,,,,,,,,,,,,,,,
FS-Primary,regression,main,3.857215690612793,0.7127658884760478,0.01966385841369629,0.001827494949669082,0.00014445251022763054,"(32,)",0.003,"{'model__alpha': np.float64(0.00014445251022763054), 'model__hidden_layer_sizes': (32,), 'model__learning_rate_init': 0.003}",-3.4296949572546547,-3.4377010505747325,-3.414965295845209,-3.426635168110818,-3.4117886285004926,3.4241570200571814,0.009567817227850776,10.0,-2.715187960616191,-2.7250272453588797,-2.708395431310158,-2.721264250348455,-2.7097768246028493,2.7159303424473067,0.006424889330882988,5.0,0.15124851397855588,0.14935034480010623,0.14868957880472755,0.15048878720907566,0.15451548921590386,0.15085854280167382,0.0020318031314863127,4.0,20,5,70791,FULL,,,,,,,,,,,,,,,,
FS-Primary,regression,main,9.516417121887207,2.269009777573738,0.02968320846557617,0.0007846173756969898,0.0011462107403425038,"(64, 32)",0.003,"{'model__alpha': np.float64(0.0011462107403425038), 'model__hidden_layer_sizes': (64, 32), 'model__learning_rate_init': 0.003}",-3.4320081525610373,-3.4377647240184928,-3.4143625048695982,-3.43308101188775,-3.416926930398983,3.4268286647471724,0.009369800599387919,23.0,-2.715774303970803,-2.7228207419336283,-2.7079165732152686,-2.727533187646767,-2.7108653027146072,2.716982021896215,0.007300314325997223,10.0,0.15010322842270152,0.1493188328717583,0.14899008958864068,0.14728974991735044,0.1519668987059165,0.1495337599012735,0.0015245858902900732,15.0,20,5,70791,FULL,,,,,,,,,,,,,,,,
FS-Primary,regression,main,18.04702010154724,3.146927921088429,0.05396571159362793,0.003978756968967647,0.00019069966103000456,"(128, 64, 32)",0.001,"{'model__alpha': np.float64(0.00019069966103000456), 'model__hidden_layer_sizes': (128, 64, 32), 'model__learning_rate_init': 0.001}",-3.437163675046011,-3.4325716872612064,-3.4208098325995575,-3.4309155915637284,-3.4142385776935957,3.42713987283282,0.008375560833193522,26.0,-2.7211803665768515,-2.715705082530034,-2.717867486106435,-2.7261903913560825,-2.7086275421486614,2.7179141737436128,0.005835881830513343,16.0,0.1475479006020909,0.15188694461251528,0.14577313762119526,0.14836510687282778,0.153300796257114,0.14937477719314865,0.002794756900859142,17.0,20,5,70791,FULL,,,,,,,,,,,,,,,,
FS-Primary,regression,main,20.07774896621704,1.2241581936871937,0.0529904842376709,0.004336557086916961,9.962513222055122e-06,"(128, 64, 32)",0.0003,"{'model__alpha': np.float64(9.962513222055122e-06), 'model__hidden_layer_sizes': (128, 64, 32), 'model__learning_rate_init': 0.0003}",-3.434917617223915,-3.4318417311148,-3.4150951674297354,-3.431906842241519,-3.4160686451391338,3.4259660006298205,0.008556657146434875,16.0,-2.716633920868491,-2.7165122347263138,-2.70996953160647,-2.726300384828029,-2.709060612871634,2.7156953369801875,0.0061776971870161216,4.0,0.1486616276797167,0.15224761851418078,0.1486248266763328,0.14787293177138983,0.15239287380694178,0.14995997568971237,0.0019481471043612426,9.0,20,5,70791,FULL,,,,,,,,,,,,,,,,
FS-Primary,regression,main,14.926910591125488,2.0694624971180438,0.05358309745788574,0.005844067012387423,1.707072883030666e-06,"(128, 64, 32)",0.003,"{'model__alpha': np.float64(1.707072883030666e-06), 'model__hidden_layer_sizes': (128, 64, 32), 'model__learning_rate_init': 0.003}",-3.433270777754133,-3.4358198067462857,-3.4152964545689155,-3.432549701484717,-3.41518646247955,3.42642464060672,0.009195523731690162,20.0,-2.7201922966084275,-2.722600102365785,-2.711078024827831,-2.724655766462814,-2.70675835072969,2.7170569081989093,0.006929756724112456,11.0,0.14947776459924988,0.15028110726192911,0.1485244629002499,0.14755366374130074,0.15283059789033526,0.14973351927861298,0.0017983740696688904,13.0,20,5,70791,FULL,,,,,,,,,,,,,,,,
FS-Primary,regression,main,18.58467435836792,3.0386468433339786,0.053980350494384766,0.00374475205220109,7.122305833333869e-06,"(128, 64, 32)",0.001,"{'model__alpha': np.float64(7.122305833333869e-06), 'model__hidden_layer_sizes': (128, 64, 32), 'model__learning_rate_init': 0.001}",-3.4377809437294378,-3.433106754307403,-3.4201449459816082,-3.430647770803816,-3.415284648535218,3.4273930126714967,0.008370141676747324,29.0,-2.7221776189844076,-2.715449459642914,-2.7173009690530177,-2.7257368432867866,-2.7091838228682543,2.717969742767076,0.005692548577196946,17.0,0.14724169508884988,0.15162251737978516,0.14610516941544371,0.14849806065491022,0.152781885224893,0.1492498655527764,0.0025531044894098716,19.0,20,5,70791,FULL,,,,,,,,,,,,,,,,
FS-Primary,regression,main,10.629932546615601,1.677830914983161,0.0337336540222168,0.005886166069191528,0.055517216852447225,"(64, 32)",0.001,"{'model__alpha': np.float64(0.055517216852447225), 'model__hidden_layer_sizes': (64, 32), 'model__learning_rate_init': 0.001}",-3.4327955586265215,-3.4381728530323494,-3.4137371600303346,-3.4325221802163104,-3.4133430853127513,3.426114167443653,0.010463329921814223,18.0,-2.7183860089613643,-2.724404607633172,-2.711035394850407,-2.728609342628089,-2.707625823755324,2.718012235565671,0.007872161862580402,18.0,0.14971319983760745,0.1491168363404899,0.14930178813889483,0.14756733306143466,0.15374488546523568,0.1498888085687325,0.00206058002006238,11.0,20,5,70791,FULL,,,,,,,,,,,,,,,,
FS-Primary,regression,main,13.970999431610107,3.0912352044373312,0.028683567047119142,0.0026668123572453325,8.454394570685005e-05,"(64, 32)",0.0003,"{'model__alpha': np.float64(8.454394570685005e-05), 'model__hidden_layer_sizes': (64, 32), 'model__learning_rate_init': 0.0003}",-3.433165648148628,-3.4393876256780254,-3.4158364862910964,-3.4296218628082062,-3.4105103477796432,3.42570439414112,0.010830349464223026,15.0,-2.720028225659169,-2.724948543931392,-2.712921556388717,-2.7237631227858565,-2.7073833596530354,2.717808961683634,0.006692244913540278,14.0,0.1495298511976496,0.14851546332250287,0.14825516847101283,0.1490072543059141,0.15514891889423799,0.1500913312382635,0.002566107126559089,8.0,20,5,70791,FULL,,,,,,,,,,,,,,,,
FS-Primary,regression,main,18.319560384750368,4.276588784344183,0.06388554573059083,0.02827298832886847,1.4271483774997195e-05,"(128, 64, 32)",0.003,"{'model__alpha': np.float64(1.4271483774997195e-05), 'model__hidden_layer_sizes': (128, 64, 32), 'model__learning_rate_init': 0.003}",-3.432526933107243,-3.4362118275673983,-3.4156506144546483,-3.436604675886862,-3.415255232005243,3.4272498566042793,0.00973745902676136,28.0,-2.7148790491969796,-2.723376143725169,-2.711034598485586,-2.726999488591861,-2.70675409764417,2.7166086755287533,0.00754906973495397,8.0,0.149846269105805,0.1500871934246123,0.1483478608872406,0.14553843302665015,0.15279647968029175,0.14932324722491996,0.002374729727615888,18.0,20,5,70791,FULL,,,,,,,,,,,,,,,,
FS-Primary,regression,main,18.24081382751465,5.1937920436150256,0.05655760765075683,0.009854335179907369,0.0011219752813215707,"(128, 64, 32)",0.003,"{'model__alpha': np.float64(0.0011219752813215707), 'model__hidden_layer_sizes': (128, 64, 32), 'model__learning_rate_init': 0.003}",-3.434708627832115,-3.435891042048737,-3.4187793005002276,-3.4346654883952428,-3.415330779240343,3.427875047603333,0.008912411076322116,30.0,-2.721119664865936,-2.7230227739519512,-2.7130608764889845,-2.725353875442097,-2.7069625832315647,2.717903954796107,0.006858767201724857,15.0,0.14876521984459112,0.15024587223028263,0.14678694449990926,0.14650246226406038,0.15275899809424398,0.14901189938661746,0.002318274678290216,20.0,20,5,70791,FULL,,,,,,,,,,,,,,,,
FS-Primary,regression,main,7.917048454284668,1.2089290037222895,0.026986217498779295,0.0018697257037187831,0.035204810455260416,"(64, 32)",0.001,"{'model__alpha': np.float64(0.035204810455260416), 'model__hidden_layer_sizes': (64, 32), 'model__learning_rate_init': 0.001}",-3.433027472164702,-3.4383833820834258,-3.4141709526206045,-3.43266578885428,-3.413860383800506,3.4264215959047037,0.010330287370061872,19.0,-2.718478251225071,-2.724569969520936,-2.7114971362618587,-2.728679862518147,-2.7078593836800837,2.7182169206412192,0.007776075494341452,19.0,0.14959830824098885,0.14901262918327574,0.14908557346849038,0.14749600402194374,0.1534883629579904,0.14973617557453783,0.0020031519477041243,12.0,20,5,70791,FULL,,,,,,,,,,,,,,,,
FS-Primary,regression,main,4.469928646087647,0.6773847518662164,0.03583316802978516,0.024443383718331182,0.0001335916680165183,"(64, 32)",0.001,"{'model__alpha': np.float64(0.0001335916680165183), 'model__hidden_layer_sizes': (64, 32), 'model__learning_rate_init': 0.001}",-3.433580824357419,-3.4382531966839918,-3.4138326977302054,-3.4328543769533306,-3.413698593347301,3.4264439378144496,0.010516412473625144,21.0,-2.7190475082275465,-2.7244796168757444,-2.7110244403645396,-2.728739080659088,-2.7078935244835054,2.718236834122085,0.007860399345224834,20.0,0.14932414232232838,0.14907706878826377,0.14925417176779832,0.1474023295809851,0.1535685972034737,0.14972526193256985,0.0020479364224507994,14.0,20,5,70791,FULL,,,,,,,,,,,,,,,,
FS-Primary,regression,main,1.6490160465240478,0.27170457963563965,0.018027734756469727,0.009312202047040086,0.0006894481952587272,"(32,)",0.003,"{'model__alpha': np.float64(0.0006894481952587272), 'model__hidden_layer_sizes': (32,), 'model__learning_rate_init': 0.003}",-3.429715799927532,-3.43765939688261,-3.415005328173298,-3.426400831921073,-3.4118238576754987,3.4241210429160027,0.009529982079316589,9.0,-2.7151751974361624,-2.7250034922100714,-2.7085027288345547,-2.721172449327831,-2.7098053621010294,2.7159318459819297,0.0063727041681188295,6.0,0.1512381980154449,0.14937095885796448,0.14866961951677715,0.15060497373263304,0.15449802865265194,0.1508763557550943,0.002022720803461743,3.0,20,5,70791,FULL,,,,,,,,,,,,,,,,
FS-Primary,regression,edge:lr_edge,2.5520817279815673,0.5197726968678796,0.011224317550659179,0.0008086320798856581,7.459343285726558e-05,"(32,)",0.001,"{'model__alpha': np.float64(7.459343285726558e-05), 'model__hidden_layer_sizes': (32,), 'model__learning_rate_init': 0.001}",-3.428425955801119,-3.435464910060501,-3.4125368923189083,-3.4263867516931446,-3.4111298641473686,3.4227888748042083,0.009449221602519882,1.0,-2.71542294581715,-2.7203366398594713,-2.7080839773159244,-2.7202363901301845,-2.707221771268946,2.714260344878335,0.005686389948177161,1.0,0.1518764809687715,0.15045663849533175,0.14989989282300842,0.150611954615247,0.15484195802494805,0.15153738498546135,0.0017743169946397219,1.0,10,5,70791,FULL,,,,,,,,,,,,,,,,
FS-Primary,regression,edge:lr_edge,5.065039920806885,0.882030451473857,0.013120269775390625,0.004473367247964032,0.00791507439765622,"(32,)",0.0003,"{'model__alpha': np.float64(0.00791507439765622), 'model__hidden_layer_sizes': (32,), 'model__learning_rate_init': 0.0003}",-3.428384272780646,-3.43422861869993,-3.415739966566274,-3.426247250646767,-3.4104615144109327,3.4230123246209097,0.00866646242583923,4.0,-2.715023969568154,-2.71941968120767,-2.7122440570474944,-2.7202014151833827,-2.7068407844150935,2.7147459814843584,0.0049078359775884504,4.0,0.15189710392260236,0.15106796427949798,0.1483033025170073,0.1506811167487725,0.15517311270969303,0.15142452003551463,0.0022224788781432143,3.0,10,5,70791,FULL,,,,,,,,,,,,,,,,
FS-Primary,regression,edge:lr_edge,8.328923463821411,0.8759621270998488,0.043820524215698244,0.002105206069214342,6.025215736203862e-06,"(128, 64, 32)",0.001,"{'model__alpha': np.float64(6.025215736203862e-06), 'model__hidden_layer_sizes': (128, 64, 32), 'model__learning_rate_init': 0.001}",-3.4372772475806586,-3.432616753098018,-3.4205489648082743,-3.4304869666678597,-3.4150017254459537,3.427186331520153,0.00818204766404056,27.0,-2.7223413240706638,-2.7155453771138607,-2.7177938713444316,-2.725619673357099,-2.709003432219658,2.718060735621143,0.00572527671015342,10.0,0.1474915653476454,0.15186467490983568,0.14590341775306548,0.14857788337862743,0.1529222469590814,0.1493519576696511,0.0026462574211677716,10.0,10,5,70791,FULL,,,,,,,,,,,,,,,,
FS-Primary,regression,edge:lr_edge,10.049612045288086,1.1519269748238203,0.037527275085449216,0.0006474969892545804,0.021423021757741054,"(128, 64, 32)",0.01,"{'model__alpha': np.float64(0.021423021757741054), 'model__hidden_layer_sizes': (128, 64, 32), 'model__learning_rate_init': 0.01}",-3.4304581272001453,-3.4321846045314413,-3.416514535553851,-3.4276514602453276,-3.4101352610728113,3.4233887977207154,0.008583980924433651,7.0,-2.7160365548518803,-2.717155422969576,-2.7107781032222804,-2.72104064089207,-2.707027422267651,2.7144076288406915,0.0049364263728701825,3.0,0.15087074645078202,0.15207821310524383,0.14791698935897024,0.149984806160389,0.15533474151408422,0.15123709931789386,0.002458606381110579,5.0,10,5,70791,FULL,,,,,,,,,,,,,,,,
FS-Primary,regression,edge:lr_edge,5.75387396812439,1.009771913151165,0.019045686721801756,0.00259634406134604,0.07072114131472237,"(64, 32)",0.0003,"{'model__alpha': np.float64(0.07072114131472237), 'model__hidden_layer_sizes': (64, 32), 'model__learning_rate_init': 0.0003}",-3.432843374492744,-3.439070589296396,-3.4157692160484854,-3.4293574594888603,-3.4104424942644718,3.4254966267181914,0.010718046602732364,13.0,-2.719597769748159,-2.724704039495567,-2.7127978538129494,-2.723723660125742,-2.707201118768633,2.71760488839021,0.006680642092507605,9.0,0.1496895121566183,0.14867243262290264,0.14828871604713112,0.1491384621430576,0.15518253588380293,0.15019433177070252,0.0025376931291744313,7.0,10,5,70791,FULL,,,,,,,,,,,,,,,,
FS-Primary,regression,edge:lr_edge,7.37424111366272,0.8564898612088393,0.011959218978881836,0.00288171206404733,8.111941985431925e-06,"(32,)",0.0001,"{'model__alpha': np.float64(8.111941985431925e-06), 'model__hidden_layer_sizes': (32,), 'model__learning_rate_init': 0.0001}",-3.428647377690254,-3.434987150324473,-3.416027129719475,-3.4287523234053174,-3.4111509475926582,3.4239129857464357,0.008871607749131401,8.0,-2.714997767826092,-2.7204562096733964,-2.712629384448904,-2.7223058919508993,-2.7079765863003207,2.7156731680399226,0.0052120757519237325,6.0,0.15176692680108528,0.15069290892782028,0.14816009126999785,0.1494387175680938,0.15483151051980115,0.15097803101735968,0.002274344993799859,6.0,10,5,70791,FULL,,,,,,,,,,,,,,,,
FS-Primary,regression,edge:lr_edge,4.058814954757691,0.30124301862863284,0.01828632354736328,0.0017426392078407167,3.320559103751961e-05,"(64, 32)",0.01,"{'model__alpha': np.float64(3.320559103751961e-05), 'model__hidden_layer_sizes': (64, 32), 'model__learning_rate_init': 0.01}",-3.4314657772551946,-3.432811617205498,-3.4112257387043243,-3.4319653520436924,-3.408661904727676,3.4232260779872767,0.01088368873870037,6.0,-2.714232068070498,-2.719175897392902,-2.7101756805820028,-2.72681949579195,-2.7067324098076684,2.715427110329004,0.0070490184923833535,5.0,0.15037183302789203,0.15176837763220663,0.15055301262051768,0.14784387608107663,0.15606446275967512,0.15132031242427363,0.0026937593299311397,4.0,10,5,70791,FULL,,,,,,,,,,,,,,,,
FS-Primary,regression,edge:lr_edge,2.5276885986328126,0.5351441805831092,0.009621858596801758,0.0010216719672689486,0.00014445251022763054,"(32,)",0.001,"{'model__alpha': np.float64(0.00014445251022763054), 'model__hidden_layer_sizes': (32,), 'model__learning_rate_init': 0.001}",-3.428590586020422,-3.4353554663686556,-3.412491435008611,-3.4267799473501217,-3.4111192718774346,3.422867341325049,0.009483605332243386,2.0,-2.7156900867183897,-2.72025422593185,-2.708026472516198,-2.7206975654248433,-2.707208481932908,2.7143753665048376,0.005795383782511101,2.0,0.15179502661326472,0.15051076548152553,0.14992254049434384,0.1504170000596411,0.15484720680091069,0.15149850788993718,0.00178497480284618,2.0,10,5,70791,FULL,,,,,,,,,,,,,,,,
FS-Primary,regression,edge:lr_edge,3.5637170314788817,0.9720336229553307,0.01779932975769043,0.000522574637351446,0.0011462107403425038,"(64, 32)",0.003,"{'model__alpha': np.float64(0.0011462107403425038), 'model__hidden_layer_sizes': (64, 32), 'model__learning_rate_init': 0.003}",-3.4320081525610373,-3.4377647240184928,-3.4143625048695982,-3.43308101188775,-3.416926930398983,3.4268286647471724,0.009369800599387919,23.0,-2.715774303970803,-2.7228207419336283,-2.7079165732152686,-2.727533187646767,-2.7108653027146072,2.716982021896215,0.007300314325997223,7.0,0.15010322842270152,0.1493188328717583,0.14899008958864068,0.14728974991735044,0.1519668987059165,0.1495337599012735,0.0015245858902900732,9.0,10,5,70791,FULL,,,,,,,,,,,,,,,,
FS-Primary,regression,edge:lr_edge,7.76025972366333,0.9274961635184851,0.038394498825073245,0.0020244990908463802,0.0739226614051605,"(128, 64, 32)",0.001,"{'model__alpha': np.float64(0.0739226614051605), 'model__hidden_layer_sizes': (128, 64, 32), 'model__learning_rate_init': 0.001}",-3.43542087461759,-3.4330142885245487,-3.419482544078673,-3.430664698800744,-3.414433475560556,3.426603176316422,0.008175024745147363,22.0,-2.7191480162377086,-2.71555221599745,-2.7171162175631585,-2.72597046129931,-2.707887183725174,2.7171348189645608,0.005833442798427227,8.0,0.14841214646115208,0.15166821641409278,0.14643589620965813,0.1484896574268676,0.1532041278052787,0.14964200886340986,0.0024459698323896187,8.0,10,5,70791,FULL,,,,,,,,,,,,,,,,
FS-Primary,classification,main,6.314703130722046,1.347477346568397,0.019384384155273438,0.001642788509747947,7.459343285726558e-05,"(32,)",0.003,"{'model__alpha': np.float64(7.459343285726558e-05), 'model__hidden_layer_sizes': (32,), 'model__learning_rate_init': 0.003}",,,,,,,,,,,,,,,,,,,,,,,,,30,5,70791,FULL,0.22562364323860443,0.2325697232237212,0.2368218109900587,0.22274237306992517,0.22673745367844056,0.22889900084015,0.00509017568537957,17.0,0.690716754118067,0.6948081454760863,0.6996079772553294,0.6802304949075018,0.6934510374977415,0.6917628818509451,0.006446074057674323,7.0
FS-Primary,classification,main,3.1650975704193116,0.23285792254427226,0.018383121490478514,0.0023734160586923883,0.004570563099801453,"(32,)",0.0003,"{'model__alpha': np.float64(0.004570563099801453), 'model__hidden_layer_sizes': (32,), 'model__learning_rate_init': 0.0003}",,,,,,,,,,,,,,,,,,,,,,,,,30,5,70791,FULL,0.23038340757977374,0.23879631761372136,0.24232841125916982,0.2245671710738279,0.23452991182591879,0.23412104387048233,0.0062391128774589326,5.0,0.6981543683635447,0.6997510346356253,0.7079740735860237,0.681827048870541,0.6997013955649404,0.6974815842041351,0.00855204555885309,1.0
FS-Primary,classification,main,62.01191868782043,0.9603098401418255,0.04428739547729492,0.0030384580866105845,6.026889128682509e-06,"(128, 64, 32)",0.003,"{'model__alpha': np.float64(6.026889128682509e-06), 'model__hidden_layer_sizes': (128, 64, 32), 'model__learning_rate_init': 0.003}",,,,,,,,,,,,,,,,,,,,,,,,,30,5,70791,FULL,0.15265800779952637,0.15372963164487158,0.14584145613669858,0.15195139092392274,0.14572254603128587,0.14998060650726103,0.0034748036832720672,45.0,0.5525262862658269,0.5706253801323712,0.5377007773284757,0.557265628785456,0.5586844958585759,0.5553605136741411,0.010654516431428085,28.0
FS-Primary,classification,main,7.976900911331176,2.095378114904352,0.017135000228881835,0.0008427696690647457,1.9517224641449486e-06,"(32,)",0.003,"{'model__alpha': np.float64(1.9517224641449486e-06), 'model__hidden_layer_sizes': (32,), 'model__learning_rate_init': 0.003}",,,,,,,,,,,,,,,,,,,,,,,,,30,5,70791,FULL,0.22385739857863698,0.23263552234321985,0.23580276513015092,0.22143744559032458,0.225004887707069,0.22774760386988024,0.005500030119950036,18.0,0.6895319521248375,0.6936072673924043,0.7022596237687755,0.6787890416799915,0.6929488838158566,0.6914273537563732,0.007585837202166921,9.0
FS-Primary,classification,main,31.95729293823242,0.512991665965405,0.02319822311401367,0.0018613064294708474,1.2674255898937221e-06,"(64, 32)",0.001,"{'model__alpha': np.float64(1.2674255898937221e-06), 'model__hidden_layer_sizes': (64, 32), 'model__learning_rate_init': 0.001}",,,,,,,,,,,,,,,,,,,,,,,,,30,5,70791,FULL,0.18429871340570278,0.20612117176795525,0.20014574061309437,0.19235476529604933,0.193979089542802,0.19537989612512074,0.007375561838857994,30.0,0.6496927369269858,0.6641034019132205,0.6652328481634778,0.647175286604452,0.6534633034331786,0.655933515408263,0.0074159351430581584,20.0
FS-Primary,classification,main,3.2150794506072997,0.11534933659342626,0.015763282775878906,0.0016461809992974856,1.152644954031562e-05,"(32,)",0.0003,"{'model__alpha': np.float64(1.152644954031562e-05), 'model__hidden_layer_sizes': (32,), 'model__learning_rate_init': 0.0003}",,,,,,,,,,,,,,,,,,,,,,,,,30,5,70791,FULL,0.23045996659269388,0.2385208726009511,0.2421977865304491,0.2244167238204718,0.23443820282975633,0.23400671047486443,0.006200077555941395,6.0,0.6980903996124491,0.6995961607350883,0.7076974023559527,0.6817593588588151,0.6997001364275376,0.6973686915979685,0.008500019419883882,2.0
FS-Primary,classification,main,31.343918752670287,0.034492825527882846,0.023901700973510742,0.001574266355825639,3.320559103751961e-05,"(64, 32)",0.0003,"{'model__alpha': np.float64(3.320559103751961e-05), 'model__hidden_layer_sizes': (64, 32), 'model__learning_rate_init': 0.0003}",,,,,,,,,,,,,,,,,,,,,,,,,30,5,70791,FULL,0.2044837294986916,0.2218797868893644,0.2166911452146563,0.210822862780392,0.2201976171734441,0.21481502831130966,0.006404311236063494,25.0,0.6715406077118519,0.6861073123097099,0.6808296378861273,0.6687736333594985,0.676499997070084,0.6767502376674542,0.006245405237795763,15.0
FS-Primary,classification,main,6.4747357845306395,1.432698681237968,0.014799118041992188,0.002393765653358649,0.00014445251022763054,"(32,)",0.003,"{'model__alpha': np.float64(0.00014445251022763054), 'model__hidden_layer_sizes': (32,), 'model__learning_rate_init': 0.003}",,,,,,,,,,,,,,,,,,,,,,,,,30,5,70791,FULL,0.22638746814964356,0.22889597705269227,0.2357350721114238,0.22146817756606924,0.2239612276457452,0.22728958450511483,0.004892592563811557,20.0,0.6900352278478782,0.6927418041414676,0.7004021539579265,0.6797823453595759,0.6939990528381029,0.6913921168289903,0.006729435066050792,10.0
FS-Primary,classification,main,32.18184595108032,1.6300399423881946,0.024834060668945314,0.0019968800924407863,0.0011462107403425038,"(64, 32)",0.003,"{'model__alpha': np.float64(0.0011462107403425038), 'model__hidden_layer_sizes': (64, 32), 'model__learning_rate_init': 0.003}",,,,,,,,,,,,,,,,,,,,,,,,,30,5,70791,FULL,0.16718677371359364,0.19387936433076294,0.1895764618124003,0.18409348743231463,0.17626303881948596,0.1821998252217115,0.009539910965306408,33.0,0.6247820171589274,0.6526006005988554,0.6526809916791843,0.6314909730499753,0.6260242295810409,0.6375157624135966,0.012554188175121463,22.0
FS-Primary,classification,main,68.2359782218933,0.5915501624305166,0.04503321647644043,0.0018154810434132462,0.00019069966103000456,"(128, 64, 32)",0.001,"{'model__alpha': np.float64(0.00019069966103000456), 'model__hidden_layer_sizes': (128, 64, 32), 'model__learning_rate_init': 0.001}",,,,,,,,,,,,,,,,,,,,,,,,,30,5,70791,FULL,0.15577666588479527,0.15195385646216875,0.16057857431617162,0.15667311883843252,0.15366943163960464,0.15573032942823456,0.0029293523240198145,40.0,0.6000022372114312,0.5888656804037105,0.6028940692061627,0.5918535046661046,0.5831618848260238,0.5933554752626865,0.007231703511081006,25.0
FS-Primary,classification,main,68.90099086761475,0.3882466934643629,0.046506643295288086,0.0027884589854586593,9.962513222055122e-06,"(128, 64, 32)",0.0003,"{'model__alpha': np.float64(9.962513222055122e-06), 'model__hidden_layer_sizes': (128, 64, 32), 'model__learning_rate_init': 0.0003}",,,,,,,,,,,,,,,,,,,,,,,,,30,5,70791,FULL,0.17653648542032838,0.1824847283144226,0.17393991567491474,0.17926215388675903,0.16393210870751038,0.17523107840078703,0.00632302002913361,37.0,0.6261769330136283,0.6362309426527323,0.6314235560490729,0.6254926301712358,0.6142073219130539,0.6267062767599446,0.007361372146135956,23.0
FS-Primary,classification,main,63.100316762924194,0.41266102077813177,0.04632868766784668,0.0036766877474827767,1.707072883030666e-06,"(128, 64, 32)",0.003,"{'model__alpha': np.float64(1.707072883030666e-06), 'model__hidden_layer_sizes': (128, 64, 32), 'model__learning_rate_init': 0.003}",,,,,,,,,,,,,,,,,,,,,,,,,30,5,70791,FULL,0.1489494677610559,0.15532342850025038,0.16048012623858854,0.14514807883587325,0.15224590725623555,0.15242940171840072,0.00526024390686899,43.0,0.5372845812356651,0.5525014289998813,0.5749155760478554,0.5392419881578819,0.5561061698846587,0.5520099488651884,0.013576049561211929,29.0
FS-Primary,classification,main,65.76942577362061,0.8642005408232292,0.043073606491088864,0.001251651775795054,7.122305833333869e-06,"(128, 64, 32)",0.001,"{'model__alpha': np.float64(7.122305833333869e-06), 'model__hidden_layer_sizes': (128, 64, 32), 'model__learning_rate_init': 0.001}",,,,,,,,,,,,,,,,,,,,,,,,,30,5,70791,FULL,0.15849363833045282,0.16225213139999017,0.1670932474163595,0.1530691272286944,0.15203308237062563,0.1585882453492245,0.005642674864766245,39.0,0.6050179005969191,0.5997387193032593,0.6083398869013729,0.5854353577346861,0.5794266052924353,0.5955916939657346,0.011251923135018766,24.0
FS-Primary,classification,main,16.96745982170105,4.78004336960653,0.023854780197143554,0.002138502652819431,0.055517216852447225,"(64, 32)",0.001,"{'model__alpha': np.float64(0.055517216852447225), 'model__hidden_layer_sizes': (64, 32), 'model__learning_rate_init': 0.001}",,,,,,,,,,,,,,,,,,,,,,,,,30,5,70791,FULL,0.22435132176304406,0.23510948719452482,0.23369819585370194,0.22147349023362722,0.22391063274193063,0.22770862555736576,0.005571729641788466,19.0,0.6858990500470976,0.698164182509642,0.6969986571299599,0.6792037580796776,0.6889978075027833,0.6898526910538321,0.007069760928987504,11.0
FS-Primary,classification,main,30.881367206573486,0.5114536862937177,0.022611570358276368,0.0006005362099332581,8.454394570685005e-05,"(64, 32)",0.0003,"{'model__alpha': np.float64(8.454394570685005e-05), 'model__hidden_layer_sizes': (64, 32), 'model__learning_rate_init': 0.0003}",,,,,,,,,,,,,,,,,,,,,,,,,30,5,70791,FULL,0.20502733675222162,0.22262200706245738,0.2178056756609634,0.21064771706032115,0.21708936387609196,0.2146384200824111,0.006133105703279242,26.0,0.6723574320066896,0.6854478148808443,0.6827763611674857,0.6676093845393494,0.675265945558676,0.676691387630609,0.006587863959332214,16.0
FS-Primary,classification,main,62.29887528419495,0.3782602185169699,0.045884323120117185,0.004699465702199777,1.4271483774997195e-05,"(128, 64, 32)",0.003,"{'model__alpha': np.float64(1.4271483774997195e-05), 'model__hidden_layer_sizes': (128, 64, 32), 'model__learning_rate_init': 0.003}",,,,,,,,,,,,,,,,,,,,,,,,,30,5,70791,FULL,0.1539081551793754,0.15769529374773725,0.1476486810096322,0.15398541147418188,0.1508001110541594,0.15280753049301726,0.0033803097117254795,42.0,0.561588324235663,0.5654537153924268,0.5445635120286607,0.5473151728348403,0.5594070712284827,0.5556655591440147,0.008220346262979234,27.0
FS-Primary,classification,main,62.771193981170654,0.4637333934632704,0.04249682426452637,0.0012557368868928824,0.0011219752813215707,"(128, 64, 32)",0.003,"{'model__alpha': np.float64(0.0011219752813215707), 'model__hidden_layer_sizes': (128, 64, 32), 'model__learning_rate_init': 0.003}",,,,,,,,,,,,,,,,,,,,,,,,,30,5,70791,FULL,0.15826152287697026,0.15912026090899814,0.16056166032289249,0.16255076339092278,0.1542712500021972,0.1589530915003962,0.0027552346279375154,38.0,0.5782540240266824,0.5737169983113515,0.5705841675966122,0.5783459313312207,0.5663949206009746,0.5734592083733683,0.004584905566473391,26.0
FS-Primary,classification,main,27.310243463516237,3.8488266731313363,0.02348179817199707,0.0016434561014024916,0.035204810455260416,"(64, 32)",0.001,"{'model__alpha': np.float64(0.035204810455260416), 'model__hidden_layer_sizes': (64, 32), 'model__learning_rate_init': 0.001}",,,,,,,,,,,,,,,,,,,,,,,,,30,5,70791,FULL,0.21248371964033194,0.22114127883745655,0.22424567463708966,0.20931064928952453,0.20958016031341015,0.21535229654356258,0.006174986341116188,24.0,0.6784195001934075,0.6837719998545212,0.6870423186879673,0.6695508329214757,0.6753795584950925,0.6788328420304929,0.006165103385188421,14.0
FS-Primary,classification,main,30.73927240371704,0.08724116459765258,0.021125221252441408,0.004389857945955273,0.0001335916680165183,"(64, 32)",0.001,"{'model__alpha': np.float64(0.0001335916680165183), 'model__hidden_layer_sizes': (64, 32), 'model__learning_rate_init': 0.001}",,,,,,,,,,,,,,,,,,,,,,,,,30,5,70791,FULL,0.18839211601980113,0.20643964831425488,0.20505596174453894,0.19380686786498433,0.19505816339090554,0.19775055146689696,0.006917388687483701,29.0,0.6529090431185216,0.6711040605873673,0.6653272350403217,0.6501305830934869,0.6517933482386145,0.6582528540156624,0.008383951239743979,19.0
FS-Primary,classification,main,6.675149250030517,0.7379018756924839,0.014485359191894531,0.0022703147871907577,0.0006894481952587272,"(32,)",0.003,"{'model__alpha': np.float64(0.0006894481952587272), 'model__hidden_layer_sizes': (32,), 'model__learning_rate_init': 0.003}",,,,,,,,,,,,,,,,,,,,,,,,,30,5,70791,FULL,0.2254614654561944,0.2333856403518681,0.2362721123760281,0.22289454100786782,0.22783483597033882,0.22916971903245945,0.004962436909300703,16.0,0.6897483127455001,0.6956689596043053,0.7000153566334774,0.6794066342995028,0.6936737595329414,0.6917026045631454,0.006981825154545103,8.0
FS-Primary,classification,main,30.16683249473572,1.1128298701715238,0.022086143493652344,0.0007909571055384355,0.016271360716645866,"(64, 32)",0.001,"{'model__alpha': np.float64(0.016271360716645866), 'model__hidden_layer_sizes': (64, 32), 'model__learning_rate_init': 0.001}",,,,,,,,,,,,,,,,,,,,,,,,,30,5,70791,FULL,0.19394199459346953,0.21421056303987462,0.21015115819594782,0.20482590949672863,0.20663959704231766,0.20595384447366763,0.0068090803403516465,28.0,0.6636682868209652,0.6735171974197175,0.6740315066203749,0.6612199707338817,0.6653250073356862,0.6675523937861252,0.0052479501624013766,18.0
FS-Primary,classification,main,17.330509901046753,1.8490922526116949,0.036138486862182614,0.028246154982976543,0.029794544625913636,"(64, 32)",0.003,"{'model__alpha': np.float64(0.029794544625913636), 'model__hidden_layer_sizes': (64, 32), 'model__learning_rate_init': 0.003}",,,,,,,,,,,,,,,,,,,,,,,,,30,5,70791,FULL,0.21353423659226867,0.22704096762013737,0.23104984168120896,0.21662625194437127,0.22227508877629873,0.22210527732285698,0.006447907637436855,22.0,0.6837692441343899,0.6922584890922621,0.6995269081779377,0.6781411654117123,0.6840912396144774,0.6875574092861558,0.007488647824229152,12.0
FS-Primary,classification,main,9.128421640396118,1.3744219620288964,0.024595022201538086,0.0032536921871823255,0.04067908494359546,"(64, 32)",0.003,"{'model__alpha': np.float64(0.04067908494359546), 'model__hidden_layer_sizes': (64, 32), 'model__learning_rate_init': 0.003}",,,,,,,,,,,,,,,,,,,,,,,,,30,5,70791,FULL,0.23269349532650907,0.2379775419435611,0.2380456042663348,0.22440042917399375,0.23221679563756065,0.23306677326959185,0.0049974338503760065,10.0,0.697163796999115,0.6978225204182448,0.7060468669344078,0.6838620616139005,0.6976074984925461,0.6965005488916429,0.007131288705857107,6.0
FS-Primary,classification,main,30.58800892829895,0.10843010266103395,0.019969987869262695,0.002700264038414789,0.0004019493217124642,"(64, 32)",0.0003,"{'model__alpha': np.float64(0.0004019493217124642), 'model__hidden_layer_sizes': (64, 32), 'model__learning_rate_init': 0.0003}",,,,,,,,,,,,,,,,,,,,,,,,,30,5,70791,FULL,0.20329790060553518,0.2202020468218471,0.21640836279182293,0.20976318271617328,0.21619113412823512,0.21317252541272275,0.005968729279636097,27.0,0.6718149324468682,0.6851555981466854,0.6806302583212396,0.6666089096917367,0.6753220740298213,0.6759063545272703,0.0065021130933790965,17.0
FS-Primary,classification,main,30.280953645706177,0.09525262199178383,0.024453449249267577,0.002677048021710293,8.777815504719648e-05,"(64, 32)",0.003,"{'model__alpha': np.float64(8.777815504719648e-05), 'model__hidden_layer_sizes': (64, 32), 'model__learning_rate_init': 0.003}",,,,,,,,,,,,,,,,,,,,,,,,,30,5,70791,FULL,0.17136279009262728,0.18889425219175743,0.18797709715740574,0.18720474326661718,0.17524417755712118,0.18213661205310577,0.007335445636250892,35.0,0.6277235143705484,0.647807209791711,0.6512865938623734,0.6337585157620336,0.6341753524143985,0.6389502372402129,0.009015813450667045,21.0
FS-Primary,classification,main,30.63443374633789,0.21513763875234315,0.023784303665161134,0.0013822686413334513,0.013921548533046514,"(64, 32)",0.0003,"{'model__alpha': np.float64(0.013921548533046514), 'model__hidden_layer_sizes': (64, 32), 'model__learning_rate_init': 0.0003}",,,,,,,,,,,,,,,,,,,,,,,,,30,5,70791,FULL,0.21072053575028943,0.22830894431534549,0.22012096340844334,0.21511913088490417,0.22152511070411662,0.21915893701261982,0.005962777134492851,23.0,0.677038869563213,0.6894068818735888,0.6832112962834089,0.6716811543642371,0.6799376843213711,0.6802551772811638,0.005940566346713055,13.0
FS-Primary,classification,main,3.0467055320739744,0.11072099805371975,0.016603851318359376,0.0020729515985928215,2.539057572102415e-05,"(32,)",0.0003,"{'model__alpha': np.float64(2.539057572102415e-05), 'model__hidden_layer_sizes': (32,), 'model__learning_rate_init': 0.0003}",,,,,,,,,,,,,,,,,,,,,,,,,30,5,70791,FULL,0.23045542372846164,0.2384538482449743,0.24222203667315928,0.22441936199995027,0.23434522627831245,0.23397917938497156,0.006195293542197543,8.0,0.6980921913185737,0.6995774189591322,0.7076949325095088,0.6817632351658575,0.6996740335406116,0.6973603622987368,0.008495618927491202,4.0
FS-Primary,classification,main,3.0416770458221434,0.10921821575345682,0.015886211395263673,0.000784657684345307,3.029476085280708e-05,"(32,)",0.0003,"{'model__alpha': np.float64(3.029476085280708e-05), 'model__hidden_layer_sizes': (32,), 'model__learning_rate_init': 0.0003}",,,,,,,,,,,,,,,,,,,,,,,,,30,5,70791,FULL,0.23045388858665364,0.23847848740664832,0.24216439747117952,0.2244496325056885,0.23437554922362752,0.2339843910387595,0.0061747628290030575,7.0,0.6981021667634834,0.6996107861003047,0.7076922205212568,0.6817526722291674,0.6996715636941676,0.697365881861676,0.008500628969093265,3.0
FS-Primary,classification,main,3.046104907989502,0.11649039139078707,0.016985321044921876,0.0027575413479361747,1.1972422479639339e-06,"(32,)",0.0003,"{'model__alpha': np.float64(1.1972422479639339e-06), 'model__hidden_layer_sizes': (32,), 'model__learning_rate_init': 0.0003}",,,,,,,,,,,,,,,,,,,,,,,,,30,5,70791,FULL,0.23045324986555976,0.238466204831768,0.24217105536189723,0.22446101536084906,0.23433942165166266,0.23397818941434734,0.006170860950272525,9.0,0.6980951936369446,0.6995873467732692,0.7076806461428239,0.6817488928298009,0.6996459935192197,0.6973516145804116,0.008496462817086065,5.0
FS-Primary,classification,main,60.50332813262939,3.2102336577398543,0.04104714393615723,0.0033367082154556527,9.853225172032558e-06,"(128, 64, 32)",0.003,"{'model__alpha': np.float64(9.853225172032558e-06), 'model__hidden_layer_sizes': (128, 64, 32), 'model__learning_rate_init': 0.003}",,,,,,,,,,,,,,,,,,,,,,,,,30,5,70791,FULL,0.15426698118641402,0.15054091605940478,0.1530683804284362,0.1623413256870196,0.14068041133674436,0.15217960293960378,0.0069760215707216485,44.0,0.5528875087478841,0.5520981176041114,0.5448021912090222,0.5693021193708754,0.5389903761706891,0.5516160626205165,0.010202767836039944,30.0
FS-Primary,classification,edge:lr_edge,4.733454179763794,1.1892360227116596,0.014770269393920898,0.0023558621676214803,7.459343285726558e-05,"(32,)",0.001,"{'model__alpha': np.float64(7.459343285726558e-05), 'model__hidden_layer_sizes': (32,), 'model__learning_rate_init': 0.001}",,,,,,,,,,,,,,,,,,,,,,,,,15,5,70791,FULL,0.2323727248821808,0.23833701801196822,0.24011250496996198,0.22540245955387322,0.22823936624441094,0.232892814732479,0.005653207469371006,11.0,0.6962117715286081,0.6982868515496858,0.7053588936288955,0.6798530395092596,0.6946488645946398,0.6948718841622177,0.008355239079804774,6.0
FS-Primary,classification,edge:lr_edge,3.0320512294769286,0.11527225976642087,0.01657733917236328,0.002128116526238218,0.00791507439765622,"(32,)",0.0003,"{'model__alpha': np.float64(0.00791507439765622), 'model__hidden_layer_sizes': (32,), 'model__learning_rate_init': 0.0003}",,,,,,,,,,,,,,,,,,,,,,,,,15,5,70791,FULL,0.2303662651504736,0.23889585043392247,0.24236963143565118,0.22460742698714373,0.23465577835730883,0.23417899047289997,0.006256427029950049,4.0,0.6981543683635447,0.6997972352926335,0.7081518541016183,0.6818466242211045,0.699711759234332,0.6975323682426466,0.008591650568050304,3.0
FS-Primary,classification,edge:lr_edge,65.79382619857788,0.07144423023800088,0.04465665817260742,0.0007904187217649029,6.025215736203862e-06,"(128, 64, 32)",0.001,"{'model__alpha': np.float64(6.025215736203862e-06), 'model__hidden_layer_sizes': (128, 64, 32), 'model__learning_rate_init': 0.001}",,,,,,,,,,,,,,,,,,,,,,,,,15,5,70791,FULL,0.15376461825993742,0.1602241372315385,0.16236727941900356,0.15222133284713654,0.14496978107715813,0.15470942976695484,0.006180594006730711,41.0,0.5896716955176549,0.6018611891090232,0.6002443598271824,0.582367454526073,0.5674830574587498,0.5883255512877367,0.012625308380783818,15.0
FS-Primary,classification,edge:lr_edge,15.658160400390624,2.7682707141841063,0.04288496971130371,0.003366311077641025,0.021423021757741054,"(128, 64, 32)",0.01,"{'model__alpha': np.float64(0.021423021757741054), 'model__hidden_layer_sizes': (128, 64, 32), 'model__learning_rate_init': 0.01}",,,,,,,,,,,,,,,,,,,,,,,,,15,5,70791,FULL,0.2316434891173204,0.23886769718970194,0.24397127331509494,0.22499976275290476,0.23903778747601487,0.23570400197020738,0.006641375920399077,2.0,0.6990252343890583,0.6995507591460471,0.7079003171912404,0.6836203738698143,0.7018136954147591,0.6983820760021839,0.008025711806088917,1.0
FS-Primary,classification,edge:lr_edge,15.371472120285034,2.828558933927002,0.022715234756469728,0.0011083920976778085,0.07072114131472237,"(64, 32)",0.0003,"{'model__alpha': np.float64(0.07072114131472237), 'model__hidden_layer_sizes': (64, 32), 'model__learning_rate_init': 0.0003}",,,,,,,,,,,,,,,,,,,,,,,,,15,5,70791,FULL,0.23374507346015075,0.2393507640198252,0.23908132643743688,0.22563288718023794,0.233639681845891,0.23428994658870836,0.004984648482885415,3.0,0.6963910389900434,0.7001662594083595,0.7046017161945942,0.6840274345630918,0.6971199217475161,0.696461274180721,0.006856133443194239,5.0
FS-Primary,classification,edge:lr_edge,3.8675525188446045,0.12018772170838317,0.013846969604492188,0.0030586742747080414,8.111941985431925e-06,"(32,)",0.0001,"{'model__alpha': np.float64(8.111941985431925e-06), 'model__hidden_layer_sizes': (32,), 'model__learning_rate_init': 0.0001}",,,,,,,,,,,,,,,,,,,,,,,,,15,5,70791,FULL,0.22771457822143534,0.23710018456762239,0.24069998947512386,0.2214683437035287,0.23460691977278922,0.2323180031480999,0.006888725925002847,13.0,0.6970840902888172,0.6982671412064968,0.708080519124917,0.6811158434359585,0.6983393478937077,0.6965773883899795,0.0086902002480756,4.0
FS-Primary,classification,edge:lr_edge,27.786152648925782,1.0552615580594513,0.021290111541748046,0.0027395234179013344,3.320559103751961e-05,"(64, 32)",0.01,"{'model__alpha': np.float64(3.320559103751961e-05), 'model__hidden_layer_sizes': (64, 32), 'model__learning_rate_init': 0.01}",,,,,,,,,,,,,,,,,,,,,,,,,15,5,70791,FULL,0.1926868715248072,0.19286226150355198,0.20081473904627417,0.18699480571175553,0.1911585926423562,0.19290345408574902,0.004485391880879493,32.0,0.6423342482979276,0.6517763256694967,0.6532594442448388,0.6343811475806997,0.640323914065422,0.644415015971677,0.00712962854226299,12.0
FS-Primary,classification,edge:lr_edge,4.77130765914917,1.190806567107472,0.015160751342773438,0.0006049810141454833,0.00014445251022763054,"(32,)",0.001,"{'model__alpha': np.float64(0.00014445251022763054), 'model__hidden_layer_sizes': (32,), 'model__learning_rate_init': 0.001}",,,,,,,,,,,,,,,,,,,,,,,,,15,5,70791,FULL,0.23126607857210682,0.2380217178491664,0.24025150783020224,0.22551048844279423,0.2279969451267531,0.23260934756420454,0.005677478212877648,12.0,0.6958720253078006,0.6981534798417188,0.7054006388766325,0.6797329224447869,0.6947453338910344,0.6947808800723947,0.008387926996371272,7.0
FS-Primary,classification,edge:lr_edge,30.69587450027466,1.1092942702945119,0.022711896896362306,0.004209646977915048,0.0011462107403425038,"(64, 32)",0.003,"{'model__alpha': np.float64(0.0011462107403425038), 'model__hidden_layer_sizes': (64, 32), 'model__learning_rate_init': 0.003}",,,,,,,,,,,,,,,,,,,,,,,,,15,5,70791,FULL,0.16718677371359364,0.19387936433076294,0.1895764618124003,0.18409348743231463,0.17626303881948596,0.1821998252217115,0.009539910965306408,33.0,0.6247820171589274,0.6526006005988554,0.6526809916791843,0.6314909730499753,0.6260242295810409,0.6375157624135966,0.012554188175121463,14.0
FS-Primary,classification,edge:lr_edge,41.98432908058167,13.02061312339448,0.044510269165039064,0.001318250838683576,0.0739226614051605,"(128, 64, 32)",0.001,"{'model__alpha': np.float64(0.0739226614051605), 'model__hidden_layer_sizes': (128, 64, 32), 'model__learning_rate_init': 0.001}",,,,,,,,,,,,,,,,,,,,,,,,,15,5,70791,FULL,0.21389705569972203,0.23679429053934192,0.22721242967426653,0.21793082665695135,0.22186658885779384,0.2235402382856151,0.00795502938211183,21.0,0.6820646052425903,0.697653892863001,0.6877340694056877,0.677399579420686,0.6841303697306855,0.6857965033325302,0.006805339734052416,10.0
FS-Primary,classification,edge:lr_edge,5.0799706935882565,0.9378368491981062,0.01649446487426758,0.001944797851219055,8.171653749019028e-05,"(32,)",0.001,"{'model__alpha': np.float64(8.171653749019028e-05), 'model__hidden_layer_sizes': (32,), 'model__learning_rate_init': 0.001}",,,,,,,,,,,,,,,,,,,,,,,,,15,5,70791,FULL,0.22838035644180912,0.23758953937045235,0.23996104542696645,0.22484653437293306,0.2277129027754949,0.23169807567753117,0.005946738530655423,15.0,0.6953658925398586,0.6980791423065953,0.7052582594933996,0.6797814731904914,0.6945894914232644,0.6946148517907218,0.008317178155560526,8.0
FS-Primary,classification,edge:lr_edge,15.864763259887695,2.9021411744951684,0.04382591247558594,0.00197887064117662,0.019938938493554582,"(128, 64, 32)",0.01,"{'model__alpha': np.float64(0.019938938493554582), 'model__hidden_layer_sizes': (128, 64, 32), 'model__learning_rate_init': 0.01}",,,,,,,,,,,,,,,,,,,,,,,,,15,5,70791,FULL,0.23375744994614855,0.23623328363417356,0.2450691591247644,0.226373295632369,0.23922698172236848,0.2361320340119648,0.006169810083705791,1.0,0.6999555172636212,0.699193721049828,0.7076988067784402,0.6843219854444671,0.7003635081253348,0.6983067077323384,0.007635702656771725,2.0
FS-Primary,classification,edge:lr_edge,30.25485110282898,0.16067721980969457,0.021790361404418944,0.0023427990829366454,0.0001788530126186202,"(64, 32)",0.003,"{'model__alpha': np.float64(0.0001788530126186202), 'model__hidden_layer_sizes': (64, 32), 'model__learning_rate_init': 0.003}",,,,,,,,,,,,,,,,,,,,,,,,,15,5,70791,FULL,0.1782877001978626,0.1847433862321327,0.18133016101047986,0.17665995426556708,0.18639905600875883,0.1814840515429602,0.0036957486460502103,36.0,0.6389586255347759,0.6409654445721178,0.643574909982572,0.626495673072264,0.6379859864787045,0.6375961279280868,0.005870717450647128,13.0
FS-Primary,classification,edge:lr_edge,23.08802738189697,12.052609945951525,0.025269699096679688,0.004408408251359542,0.05140540420871597,"(64, 32)",0.0003,"{'model__alpha': np.float64(0.05140540420871597), 'model__hidden_layer_sizes': (64, 32), 'model__learning_rate_init': 0.0003}",,,,,,,,,,,,,,,,,,,,,,,,,15,5,70791,FULL,0.23199523720309176,0.24013273697733536,0.23631866562063486,0.22288098722944824,0.22972123777813536,0.23220977296172912,0.0058808406519055825,14.0,0.6943580820570414,0.7001573970181785,0.7016401765949892,0.682387756684207,0.6925488655486786,0.694218455580619,0.006828256454163711,9.0
FS-Primary,classification,edge:lr_edge,42.635872793197635,0.9734574234856174,0.02582077980041504,0.0014516047895939206,8.454394570685005e-05,"(64, 32)",0.01,"{'model__alpha': np.float64(8.454394570685005e-05), 'model__hidden_layer_sizes': (64, 32), 'model__learning_rate_init': 0.01}",,,,,,,,,,,,,,,,,,,,,,,,,15,5,70791,FULL,0.19429025126112118,0.20011692117533147,0.20244527557656522,0.18417294195105843,0.18948340268113723,0.19410175852904268,0.006719264800121975,31.0,0.6417821364768704,0.6604196501564212,0.6614297204952264,0.6263028752507487,0.6389782836087865,0.6457825331976106,0.013422650433574093,11.0
FS-PM25,regression,main,2.403127384185791,0.5176593934052047,0.003509235382080078,0.002871053605661642,7.459343285726558e-05,"(32,)",0.003,"{'model__alpha': np.float64(7.459343285726558e-05), 'model__hidden_layer_sizes': (32,), 'model__learning_rate_init': 0.003}",-3.425150822362964,-3.4257871165131437,-3.4054643086961986,-3.422560059458237,-3.4045993941337827,3.4167123402328654,0.00960205230130523,15.0,-2.711320481870445,-2.7122528005470072,-2.7032546526071752,-2.714840438828687,-2.7013989072952334,2.7086134562297093,0.005293668288819223,7.0,0.15349611106886085,0.15523626809358126,0.15341995654250162,0.15250813962321985,0.1580749020940001,0.15454707548443275,0.0019724466937220244,9.0,20,5,70791,FULL,,,,,,,,,,,,,,,,
FS-PM25,regression,main,4.05596399307251,0.34817239976427944,0.007194137573242188,0.0016099797126725827,0.004570563099801453,"(32,)",0.0003,"{'model__alpha': np.float64(0.004570563099801453), 'model__hidden_layer_sizes': (32,), 'model__learning_rate_init': 0.0003}",-3.4251051948484004,-3.425842687229114,-3.4049242120192424,-3.422186198499592,-3.4047550698830515,3.4165626724958797,0.009649773552115087,10.0,-2.7107218070691075,-2.7123580801588374,-2.7016302307549043,-2.714970787636868,-2.701687762571568,2.708273733638257,0.005568422177523994,6.0,0.15351866400930803,0.15520886154170943,0.15368846548503234,0.1526932798742232,0.15799790606491892,0.1546214353950384,0.001873496461537556,7.0,20,5,70791,FULL,,,,,,,,,,,,,,,,
FS-PM25,regression,main,14.843113231658936,3.9774581111882057,0.038726520538330075,0.0041588723589765925,6.026889128682509e-06,"(128, 64, 32)",0.003,"{'model__alpha': np.float64(6.026889128682509e-06), 'model__hidden_layer_sizes': (128, 64, 32), 'model__learning_rate_init': 0.003}",-3.4263634082625227,-3.426778571386017,-3.4059670492837664,-3.421613190349857,-3.4045591413807506,3.417056272132583,0.009808776985665298,22.0,-2.7132182496321375,-2.713589272850958,-2.702639378192668,-2.7155317138236583,-2.7015369276306904,2.7093031084260226,0.005953384350259452,15.0,0.15289663943772225,0.15474723226815712,0.1531699808999495,0.15297700085302846,0.15809481022342953,0.15437713273645737,0.001978259073806166,15.0,20,5,70791,FULL,,,,,,,,,,,,,,,,
FS-PM25,regression,main,2.48450927734375,0.569386967894255,0.008413124084472656,0.0018317981380421304,1.9517224641449486e-06,"(32,)",0.003,"{'model__alpha': np.float64(1.9517224641449486e-06), 'model__hidden_layer_sizes': (32,), 'model__learning_rate_init': 0.003}",-3.4256479478147006,-3.4270236021624276,-3.405477164045907,-3.4225382106928666,-3.4046014813066727,3.417057681204515,0.009923847620776373,23.0,-2.7123399967885287,-2.711741044727006,-2.703300852051471,-2.714821615362969,-2.7014033909332764,2.7087213799726504,0.005335929557834016,9.0,0.15325037055186852,0.1546263488539532,0.153413564989357,0.1525189599398168,0.1580738698176143,0.15437662283052195,0.0019686967458929054,16.0,20,5,70791,FULL,,,,,,,,,,,,,,,,
FS-PM25,regression,main,7.05950345993042,1.9885783972963142,0.018137550354003905,0.00228513939845188,1.2674255898937221e-06,"(64, 32)",0.001,"{'model__alpha': np.float64(1.2674255898937221e-06), 'model__hidden_layer_sizes': (64, 32), 'model__learning_rate_init': 0.001}",-3.424916882852552,-3.425702200766414,-3.4037795748910464,-3.4216630099249,-3.406162027050795,3.416444739097142,0.009495775041539862,8.0,-2.710883806878276,-2.710510254238094,-2.700588336388669,-2.7162036202113033,-2.707241594567744,2.7090855224568173,0.005129000766002935,12.0,0.15361174039604097,0.15527814626734115,0.15425738080669393,0.1529523349245726,0.15730187617290936,0.1546802957135116,0.0015189881739384602,5.0,20,5,70791,FULL,,,,,,,,,,,,,,,,
FS-PM25,regression,main,4.211573553085327,0.25271653058095506,0.007073354721069336,0.001254480768036871,1.152644954031562e-05,"(32,)",0.0003,"{'model__alpha': np.float64(1.152644954031562e-05), 'model__hidden_layer_sizes': (32,), 'model__learning_rate_init': 0.0003}",-3.4251091872115853,-3.42568325127687,-3.4043082642281566,-3.4221894453365147,-3.4047569956363732,3.416409428737899,0.009770522540196662,5.0,-2.7107224889133605,-2.712038268826417,-2.701115238013462,-2.714974672007065,-2.7016883135366245,2.7081077962593856,0.005648802422805455,4.0,0.1535166906609291,0.155287491506784,0.15399463181233675,0.15269167209025747,0.1579969535800826,0.15469748793007798,0.0018518187758221282,4.0,20,5,70791,FULL,,,,,,,,,,,,,,,,
FS-PM25,regression,main,8.083297538757325,1.8291246883601255,0.016353511810302736,0.002837910524733634,3.320559103751961e-05,"(64, 32)",0.0003,"{'model__alpha': np.float64(3.320559103751961e-05), 'model__hidden_layer_sizes': (64, 32), 'model__learning_rate_init': 0.0003}",-3.425200387220755,-3.425212058934745,-3.4040514286721844,-3.4212538775747525,-3.4029037177171557,3.4157242940239185,0.010109532945503772,3.0,-2.7110378953400818,-2.7118096902518256,-2.7023264210574007,-2.714123199223794,-2.700394624451054,2.7079383660648313,0.005499970148919112,3.0,0.15347161162306922,0.15551985081308417,0.15412227951389834,0.15315488782467945,0.15891334259661183,0.1550363944742686,0.0021018408873894434,3.0,20,5,70791,FULL,,,,,,,,,,,,,,,,
FS-PM25,regression,main,2.5014142036437987,0.5674318279672849,0.005036258697509765,0.0025660530559526327,0.00014445251022763054,"(32,)",0.003,"{'model__alpha': np.float64(0.00014445251022763054), 'model__hidden_layer_sizes': (32,), 'model__learning_rate_init': 0.003}",-3.425163189515538,-3.425786484470832,-3.4054814699923086,-3.42264496572227,-3.404593470948893,3.4167339161299686,0.009611972783283953,18.0,-2.7113224442908868,-2.712252597762205,-2.703268827380646,-2.71494556485737,-2.701394456755012,2.708636778209224,0.0053170265836819785,8.0,0.15348999813416575,0.15523657980376904,0.1534114241098602,0.152466090245581,0.15807783158619737,0.15453638477591466,0.001983869931906995,12.0,20,5,70791,FULL,,,,,,,,,,,,,,,,
FS-PM25,regression,main,5.444722127914429,1.4998578864716343,0.015600633621215821,0.0022824413273073467,0.0011462107403425038,"(64, 32)",0.003,"{'model__alpha': np.float64(0.0011462107403425038), 'model__hidden_layer_sizes': (64, 32), 'model__learning_rate_init': 0.003}",-3.426405808943768,-3.4279646703872926,-3.4050311507241338,-3.422238498330142,-3.4078915737055016,3.4179063404181678,0.009573344463939763,28.0,-2.7106509735531232,-2.7130125114596644,-2.7041346508048063,-2.7178688446644563,-2.708892086585023,2.7109118134134147,0.004536308698204957,20.0,0.15287567377965772,0.15416200217644094,0.15363530431313854,0.1526673816127423,0.15644586536477645,0.1539572454493512,0.0013544258185371814,20.0,20,5,70791,FULL,,,,,,,,,,,,,,,,
FS-PM25,regression,main,9.313077068328857,1.769025590179925,0.038195133209228516,0.002150148390700839,0.00019069966103000456,"(128, 64, 32)",0.001,"{'model__alpha': np.float64(0.00019069966103000456), 'model__hidden_layer_sizes': (128, 64, 32), 'model__learning_rate_init': 0.001}",-3.4263158695939393,-3.42811204513033,-3.4042388931903247,-3.42161246570323,-3.4033707777307547,3.4167300102697156,0.010768239294642261,17.0,-2.7103080265030384,-2.7139874376477753,-2.7022105105799774,-2.7164432075768765,-2.7012555244887557,2.7088409413592847,0.006130813582690293,10.0,0.1529201453428194,0.1540892722336623,0.1540291102836675,0.1529773596266597,0.15868244279021082,0.15453966605540395,0.0021302473838012105,11.0,20,5,70791,FULL,,,,,,,,,,,,,,,,
FS-PM25,regression,main,18.981933641433717,5.05221536392575,0.04150424003601074,0.0048268332496550345,9.962513222055122e-06,"(128, 64, 32)",0.0003,"{'model__alpha': np.float64(9.962513222055122e-06), 'model__hidden_layer_sizes': (128, 64, 32), 'model__learning_rate_init': 0.0003}",-3.425054871876007,-3.425963622160903,-3.403213033745928,-3.420806680690555,-3.40173498171653,3.415354638037985,0.010670364968617771,1.0,-2.709572113358893,-2.7121473725652785,-2.697631698630397,-2.714541870449371,-2.6971417445700037,2.706206959914789,0.007372879072965585,1.0,0.15354353749000438,0.1551492169104285,0.15453889616665484,0.15337625797637555,0.15949099011727708,0.15521977973214807,0.0022324954743047154,1.0,20,5,70791,FULL,,,,,,,,,,,,,,,,
FS-PM25,regression,main,14.698351097106933,4.287183850353321,0.03967742919921875,0.003536849950985081,1.707072883030666e-06,"(128, 64, 32)",0.003,"{'model__alpha': np.float64(1.707072883030666e-06), 'model__hidden_layer_sizes': (128, 64, 32), 'model__learning_rate_init': 0.003}",-3.4264535536508847,-3.4267972449091193,-3.405957171772196,-3.4215684378613758,-3.4047062710108107,3.4170965358408774,0.009790398774495562,24.0,-2.713269038948062,-2.7135986762547097,-2.7026414937373877,-2.7155015333565244,-2.701747930142343,2.7093517344878055,0.005899948918154509,17.0,0.15285206537662888,0.15473802018178373,0.153174892609935,0.1529991577345977,0.1580220419908882,0.1543572355787667,0.0019536453422458137,17.0,20,5,70791,FULL,,,,,,,,,,,,,,,,
FS-PM25,regression,main,10.708436298370362,2.0117950078739875,0.03777952194213867,0.0030365132596290832,7.122305833333869e-06,"(128, 64, 32)",0.001,"{'model__alpha': np.float64(7.122305833333869e-06), 'model__hidden_layer_sizes': (128, 64, 32), 'model__learning_rate_init': 0.001}",-3.42648921680953,-3.4280977229507896,-3.4042462994861893,-3.421440861345609,-3.4038725442473132,3.4168293289678866,0.01065614628437866,19.0,-2.7107153680172305,-2.7143156561026722,-2.7022441685322103,-2.7161684995334334,-2.7008537101215153,2.7088594804614123,0.006236836404766509,11.0,0.1528344307419014,0.15409634041571174,0.15402542927436458,0.15306231906178247,0.1584343498691282,0.15449057387257767,0.0020350857721763553,13.0,20,5,70791,FULL,,,,,,,,,,,,,,,,
FS-PM25,regression,main,6.488844490051269,1.5808100300150263,0.01449284553527832,0.0007896144834389206,0.055517216852447225,"(64, 32)",0.001,"{'model__alpha': np.float64(0.055517216852447225), 'model__hidden_layer_sizes': (64, 32), 'model__learning_rate_init': 0.001}",-3.425138652842558,-3.425645320313342,-3.4040171809551225,-3.422108801883554,-3.4058970002239826,3.416561391243712,0.009570239247481472,9.0,-2.7116120471945053,-2.7107609519431195,-2.7010619261941495,-2.717657127860196,-2.7068562572388664,2.7095896620861675,0.005490714834587762,19.0,0.15350212629480786,0.15530619760400022,0.15413929995892883,0.15273160504270455,0.15743300846738817,0.15462244747356593,0.0016389388947537723,6.0,20,5,70791,FULL,,,,,,,,,,,,,,,,
FS-PM25,regression,main,7.183494949340821,0.7470760990975999,0.015280437469482423,0.0029737171883023896,8.454394570685005e-05,"(64, 32)",0.0003,"{'model__alpha': np.float64(8.454394570685005e-05), 'model__hidden_layer_sizes': (64, 32), 'model__learning_rate_init': 0.0003}",-3.425056294557428,-3.425179278631047,-3.4038693401866955,-3.421502551994481,-3.402861732225432,3.4156938395190166,0.010157283319579666,2.0,-2.710424287839324,-2.71162470662975,-2.7008043773623647,-2.7145314636237576,-2.7003857624218393,2.707554119575407,0.005838411411040952,2.0,0.15354283429652105,0.15553601459086863,0.15421277196193606,0.15303177718878735,0.1589340973531207,0.15505149907824675,0.0021150949745125454,2.0,20,5,70791,FULL,,,,,,,,,,,,,,,,
FS-PM25,regression,main,14.627620697021484,3.981382098327476,0.03645124435424805,0.0018479391954734734,1.4271483774997195e-05,"(128, 64, 32)",0.003,"{'model__alpha': np.float64(1.4271483774997195e-05), 'model__hidden_layer_sizes': (128, 64, 32), 'model__learning_rate_init': 0.003}",-3.4264149519312874,-3.4267974274824398,-3.406039976321178,-3.421706682524944,-3.4045434449504675,3.417100496642063,0.009818565581588556,25.0,-2.7132558255518266,-2.7135503640093144,-2.7026971416976378,-2.7151921293180803,-2.701542727586609,2.7092476376326937,0.005868400836313439,13.0,0.15287115285720554,0.1547379301138403,0.15313371662331687,0.15293071209972542,0.15810257327004118,0.15435521699282587,0.0019956388502529133,18.0,20,5,70791,FULL,,,,,,,,,,,,,,,,
FS-PM25,regression,main,13.805901050567627,2.7865264308497313,0.03610982894897461,0.001946743616280969,0.0011219752813215707,"(128, 64, 32)",0.003,"{'model__alpha': np.float64(0.0011219752813215707), 'model__hidden_layer_sizes': (128, 64, 32), 'model__learning_rate_init': 0.003}",-3.4263641053173592,-3.4267348447121155,-3.4061433430939134,-3.421633666924016,-3.404752276747626,3.4171256473590064,0.009713077029195381,26.0,-2.713206166816019,-2.7135562654863463,-2.702483964949679,-2.7155465861829673,-2.701557290908396,2.709270054868681,0.00597991920273236,14.0,0.15289629477051425,0.15476880346428679,0.1530823143123854,0.1529668628390628,0.15799928755924908,0.15434271258909965,0.0019558008488996578,19.0,20,5,70791,FULL,,,,,,,,,,,,,,,,
FS-PM25,regression,main,6.616418790817261,1.6424578154842373,0.01638622283935547,0.0016653138588044894,0.035204810455260416,"(64, 32)",0.001,"{'model__alpha': np.float64(0.035204810455260416), 'model__hidden_layer_sizes': (64, 32), 'model__learning_rate_init': 0.001}",-3.425133319475836,-3.425615306880476,-3.4039246124095692,-3.422095012727493,-3.4061314205648516,3.416579934411645,0.00953460074800864,13.0,-2.711392764233782,-2.7106875252179274,-2.7009860377797135,-2.7176291932704535,-2.7072420508830235,2.70958751427698,0.005452048220187147,18.0,0.15350476249762013,0.15532099893180817,0.15418530385722784,0.15273843305038148,0.15731702043921147,0.15461330375524981,0.0015961268221920276,8.0,20,5,70791,FULL,,,,,,,,,,,,,,,,
FS-PM25,regression,main,7.0610016822814945,2.109844331528842,0.013697671890258788,0.002844235499272193,0.0001335916680165183,"(64, 32)",0.001,"{'model__alpha': np.float64(0.0001335916680165183), 'model__hidden_layer_sizes': (64, 32), 'model__learning_rate_init': 0.001}",-3.4251010017544887,-3.4268068137527377,-3.4036788082332734,-3.4216842727638785,-3.406361788725635,3.416726537046003,0.00973646769625838,16.0,-2.711326009220779,-2.711079584299354,-2.7005284259532853,-2.716342234515797,-2.707455176434323,2.7093462860847075,0.005238279753009738,16.0,0.15352073657255028,0.1547332996276245,0.15430745537451873,0.1529418074740212,0.15720302959805021,0.15454126572935298,0.0014680788577762828,10.0,20,5,70791,FULL,,,,,,,,,,,,,,,,
FS-PM25,regression,main,2.4795405864715576,0.4943149195737397,0.007030057907104492,0.0024472416833266368,0.0006894481952587272,"(32,)",0.003,"{'model__alpha': np.float64(0.0006894481952587272), 'model__hidden_layer_sizes': (32,), 'model__learning_rate_init': 0.003}",-3.4251509386247205,-3.42702858040377,-3.4055203102701967,-3.422741892887088,-3.4045901508462277,3.4170063746064008,0.009856642313075278,20.0,-2.711319880691713,-2.711742124678313,-2.7028353319821288,-2.7140619682995974,-2.7013667125002576,2.7082652036304022,0.0051399454966320635,5.0,0.15349605360217622,0.15462389280018463,0.1533921129355984,0.1524180863053607,0.1580794736422586,0.1544019238571157,0.0019672098556912944,14.0,20,5,70791,FULL,,,,,,,,,,,,,,,,
FS-PM25,regression,edge:lr_edge,3.269748830795288,0.9187705498767266,0.006510496139526367,0.0002821204538004919,7.459343285726558e-05,"(32,)",0.001,"{'model__alpha': np.float64(7.459343285726558e-05), 'model__hidden_layer_sizes': (32,), 'model__learning_rate_init': 0.001}",-3.4249780757346553,-3.4258080797593475,-3.4049189692638215,-3.4221420527009196,-3.404232704537,3.4164159763991493,0.009745998016726928,7.0,-2.7110673490901283,-2.7133345748673707,-2.701813220867542,-2.714632124656094,-2.70026061317306,2.708221576530839,0.005996336558366254,2.0,0.15358149534108245,0.15522592942180946,0.15369107171101148,0.15271514004690256,0.15825625003743649,0.1546939773116485,0.0019561182336131143,3.0,10,5,70791,FULL,,,,,,,,,,,,,,,,
FS-PM25,regression,edge:lr_edge,3.8661532402038574,0.32711608143680404,0.006949186325073242,0.001814090824531684,0.00791507439765622,"(32,)",0.0003,"{'model__alpha': np.float64(0.00791507439765622), 'model__hidden_layer_sizes': (32,), 'model__learning_rate_init': 0.0003}",-3.425107614389207,-3.425843294741495,-3.4049245430106754,-3.4221864453017723,-3.404756047585365,3.4165635890057033,0.009650028469289336,11.0,-2.7107211039558283,-2.712359308895017,-2.701630518031946,-2.7149716469876353,-2.7016888728676913,2.7082742901476236,0.005568416171532312,3.0,0.15351746807707167,0.15520856192426158,0.15368830094575714,0.1526931576616133,0.1579974224897447,0.15462098221968967,0.0018734857434685086,4.0,10,5,70791,FULL,,,,,,,,,,,,,,,,
FS-PM25,regression,edge:lr_edge,11.520635175704957,2.7854006876276407,0.03968629837036133,0.002869456967323888,6.025215736203862e-06,"(128, 64, 32)",0.001,"{'model__alpha': np.float64(6.025215736203862e-06), 'model__hidden_layer_sizes': (128, 64, 32), 'model__learning_rate_init': 0.001}",-3.4257954238249226,-3.4281134130118645,-3.4041837526232124,-3.421090893291258,-3.4038775067151437,3.41661219789328,0.010519571392570962,14.0,-2.7131541800289,-2.7143613489102854,-2.7022121129345473,-2.713927139978905,-2.7008724671359605,2.7089054497977196,0.006039296064735993,5.0,0.15317746291694256,0.1540885971647733,0.15405651549128974,0.1532355712005231,0.158431896048983,0.15459800856450234,0.0019557910662305555,6.0,10,5,70791,FULL,,,,,,,,,,,,,,,,
FS-PM25,regression,edge:lr_edge,15.500875902175903,6.945318633848847,0.03584012985229492,0.002569599214188661,0.021423021757741054,"(128, 64, 32)",0.01,"{'model__alpha': np.float64(0.021423021757741054), 'model__hidden_layer_sizes': (128, 64, 32), 'model__learning_rate_init': 0.01}",-3.426035677007592,-3.426854046372999,-3.4054207673325942,-3.421914641027265,-3.4050507024153065,3.417055166831151,0.009795391879560484,21.0,-2.7115582706346055,-2.7137118763532975,-2.7035511021039627,-2.7161711638338013,-2.702603569890519,2.709519196563237,0.005466792463783425,7.0,0.15305868236024223,0.15470999838049215,0.15344160469999335,0.15282774558047252,0.15785167879570294,0.15437794196338064,0.0018545830389195017,7.0,10,5,70791,FULL,,,,,,,,,,,,,,,,
FS-PM25,regression,edge:lr_edge,7.582476091384888,2.057051938573387,0.015655326843261718,0.001589723134522112,0.07072114131472237,"(64, 32)",0.0003,"{'model__alpha': np.float64(0.07072114131472237), 'model__hidden_layer_sizes': (64, 32), 'model__learning_rate_init': 0.0003}",-3.424952644886061,-3.425189278882129,-3.403888880329326,-3.421580773260884,-3.403848471168949,3.4158920097054697,0.009899679692894466,4.0,-2.7108242083169958,-2.711753680340132,-2.7009798182423355,-2.714712371097762,-2.703298945129768,2.7083138046253987,0.005253811883893853,4.0,0.15359406480018578,0.15553108354141132,0.15420306133625927,0.15299305052803658,0.15844625337253038,0.15495350271568467,0.0019384278811060906,1.0,10,5,70791,FULL,,,,,,,,,,,,,,,,
FS-PM25,regression,edge:lr_edge,5.373735046386718,0.7974340108171328,0.007275295257568359,0.0017212561933772734,8.111941985431925e-06,"(32,)",0.0001,"{'model__alpha': np.float64(8.111941985431925e-06), 'model__hidden_layer_sizes': (32,), 'model__learning_rate_init': 0.0001}",-3.4257197458956616,-3.4267853336266794,-3.4047256071753504,-3.423322353300932,-3.4114576528009897,3.418402138559923,0.008755652379054466,30.0,-2.7121533478131497,-2.7142922248217145,-2.7020015986323287,-2.716578336288501,-2.7101525727621962,2.7110356160635782,0.004999396139126729,10.0,0.1532148761657114,0.15474389630223095,0.15378719112926986,0.15213058027556525,0.1546795212146792,0.15371121301749133,0.0009751490491278611,10.0,10,5,70791,FULL,,,,,,,,,,,,,,,,
FS-PM25,regression,edge:lr_edge,4.209449005126953,1.170655549822128,0.01664557456970215,0.00037487518727183865,3.320559103751961e-05,"(64, 32)",0.01,"{'model__alpha': np.float64(3.320559103751961e-05), 'model__hidden_layer_sizes': (64, 32), 'model__learning_rate_init': 0.01}",-3.4263079888023826,-3.4265397004912486,-3.4050736377113466,-3.4227206646701562,-3.406276061719251,3.417383610678877,0.009663081591305788,27.0,-2.7147897964922576,-2.7136110246362635,-2.704247560759368,-2.7157853824121667,-2.7059623359828717,2.7108792200565857,0.004795423806272361,8.0,0.15292404203672805,0.15486506844786596,0.15361418279691308,0.15242859986291113,0.1572454499612348,0.1542154686211306,0.0017219171920090472,8.0,10,5,70791,FULL,,,,,,,,,,,,,,,,
FS-PM25,regression,edge:lr_edge,3.370151948928833,0.8637941609767972,0.005854272842407226,0.0013838189338187701,0.00014445251022763054,"(32,)",0.001,"{'model__alpha': np.float64(0.00014445251022763054), 'model__hidden_layer_sizes': (32,), 'model__learning_rate_init': 0.001}",-3.424977462348851,-3.4258075379959387,-3.4049155879642816,-3.422143239365259,-3.404235672714701,3.4164159000778063,0.009745981160922616,6.0,-2.711065746874231,-2.7133337426711504,-2.7018113928835295,-2.71463039106533,-2.7002610190953438,2.708220458517917,0.005995954872281276,1.0,0.15358179851443876,0.15522619660994907,0.15369275258658877,0.15271455243663556,0.15825478219059141,0.15469401646764072,0.001955510379546735,2.0,10,5,70791,FULL,,,,,,,,,,,,,,,,
FS-PM25,regression,edge:lr_edge,5.497846221923828,1.5179843681603464,0.016727113723754884,0.0009593304583966914,0.0011462107403425038,"(64, 32)",0.003,"{'model__alpha': np.float64(0.0011462107403425038), 'model__hidden_layer_sizes': (64, 32), 'model__learning_rate_init': 0.003}",-3.426405808943768,-3.4279646703872926,-3.4050311507241338,-3.422238498330142,-3.4078915737055016,3.4179063404181678,0.009573344463939763,28.0,-2.7106509735531232,-2.7130125114596644,-2.7041346508048063,-2.7178688446644563,-2.708892086585023,2.7109118134134147,0.004536308698204957,9.0,0.15287567377965772,0.15416200217644094,0.15363530431313854,0.1526673816127423,0.15644586536477645,0.1539572454493512,0.0013544258185371814,9.0,10,5,70791,FULL,,,,,,,,,,,,,,,,
FS-PM25,regression,edge:lr_edge,11.927299213409423,2.8267507089768995,0.03303771018981934,0.001242168195852551,0.0739226614051605,"(128, 64, 32)",0.001,"{'model__alpha': np.float64(0.0739226614051605), 'model__hidden_layer_sizes': (128, 64, 32), 'model__learning_rate_init': 0.001}",-3.4256979164048467,-3.4281613890228533,-3.4042496892010057,-3.4212560096982103,-3.403501145733909,3.4165732300121645,0.01060398794899321,12.0,-2.713075290194323,-2.714374095135459,-2.7020533390515427,-2.7143470027452734,-2.7014353236220843,2.7090570101497367,0.0059923868917222695,6.0,0.15322566795871173,0.15406492015421458,0.15402374454669676,0.1531538323175724,0.15861798728547205,0.1546172304525335,0.0020367281457268453,5.0,10,5,70791,FULL,,,,,,,,,,,,,,,,
FS-PM25,classification,main,2.025731992721558,0.19010587491571318,0.01985788345336914,0.0023441691382014504,7.459343285726558e-05,"(32,)",0.003,"{'model__alpha': np.float64(7.459343285726558e-05), 'model__hidden_layer_sizes': (32,), 'model__learning_rate_init': 0.003}",,,,,,,,,,,,,,,,,,,,,,,,,30,5,70791,FULL,0.23591700144971495,0.2439305879044322,0.2474977069996835,0.22840091031048537,0.24220179851937074,0.23958960103673738,0.006736180972766004,28.0,0.7019184523842961,0.7022682924455097,0.7129696043746695,0.6853065189793683,0.7019688356712852,0.7008863407710256,0.008864343702687627,19.0
FS-PM25,classification,main,2.395871067047119,0.14951137066293127,0.031731271743774415,0.027872294140103043,0.004570563099801453,"(32,)",0.0003,"{'model__alpha': np.float64(0.004570563099801453), 'model__hidden_layer_sizes': (32,), 'model__learning_rate_init': 0.0003}",,,,,,,,,,,,,,,,,,,,,,,,,30,5,70791,FULL,0.23591700144971495,0.2439305879044322,0.24749772126183955,0.22840091031048537,0.24220179851937074,0.23958960388916858,0.006736184321449634,21.0,0.7019183797475612,0.7022682198029673,0.7129695075179462,0.6853065189793683,0.7019688356712852,0.7008862923438256,0.00886431334057023,27.0
FS-PM25,classification,main,11.842272329330445,2.538571778381904,0.056491947174072264,0.031767158743233076,6.026889128682509e-06,"(128, 64, 32)",0.003,"{'model__alpha': np.float64(6.026889128682509e-06), 'model__hidden_layer_sizes': (128, 64, 32), 'model__learning_rate_init': 0.003}",,,,,,,,,,,,,,,,,,,,,,,,,30,5,70791,FULL,0.23591700144971495,0.2439305879044322,0.24749798867289746,0.2283987309017807,0.24220179851937074,0.2395892214896392,0.0067369711155878835,41.0,0.7019184523842961,0.7022682924455097,0.7129697496597545,0.6853065432062875,0.7019688356712852,0.7008863746734265,0.008864374795174558,7.0
FS-PM25,classification,main,1.600623655319214,0.05410443489175293,0.016236543655395508,0.002628918602334772,1.9517224641449486e-06,"(32,)",0.003,"{'model__alpha': np.float64(1.9517224641449486e-06), 'model__hidden_layer_sizes': (32,), 'model__learning_rate_init': 0.003}",,,,,,,,,,,,,,,,,,,,,,,,,30,5,70791,FULL,0.23591700144971495,0.2439305879044322,0.24749798867289746,0.22839871972998155,0.24220201851381457,0.23958926325416813,0.006736991890180899,40.0,0.7019184523842961,0.7022683166596905,0.7129697496597545,0.6853064947524494,0.7019687872429234,0.7008863601398228,0.008864391399712703,9.0
FS-PM25,classification,main,4.282227659225464,0.7358790883547316,0.036220741271972653,0.028390219603188157,1.2674255898937221e-06,"(64, 32)",0.001,"{'model__alpha': np.float64(1.2674255898937221e-06), 'model__hidden_layer_sizes': (64, 32), 'model__learning_rate_init': 0.001}",,,,,,,,,,,,,,,,,,,,,,,,,30,5,70791,FULL,0.23591700144971495,0.2439305879044322,0.24749770699968346,0.22839871972998155,0.24220196252725112,0.23958919572221266,0.006736921415467107,43.0,0.7019184523842961,0.7022682198029673,0.7129696043746695,0.6853064947524494,0.7019689809563702,0.7008863504541505,0.008864353502532615,13.0
FS-PM25,classification,main,2.263493061065674,0.13787093930815134,0.014593219757080078,0.002752461930339529,1.152644954031562e-05,"(32,)",0.0003,"{'model__alpha': np.float64(1.152644954031562e-05), 'model__hidden_layer_sizes': (32,), 'model__learning_rate_init': 0.0003}",,,,,,,,,,,,,,,,,,,,,,,,,30,5,70791,FULL,0.23591700144971495,0.2439306453242671,0.24749798867289746,0.22840091031048537,0.24220179851937074,0.2395896688553471,0.0067362545092901314,3.0,0.7019184523842961,0.7022684135164138,0.7129697496597545,0.6853065189793683,0.7019688356712852,0.7008863940422236,0.00886438708634389,4.0
FS-PM25,classification,main,4.077815389633178,0.10438929806413551,0.023051118850708006,0.003046682453510814,3.320559103751961e-05,"(64, 32)",0.0003,"{'model__alpha': np.float64(3.320559103751961e-05), 'model__hidden_layer_sizes': (64, 32), 'model__learning_rate_init': 0.0003}",,,,,,,,,,,,,,,,,,,,,,,,,30,5,70791,FULL,0.23591700144971495,0.2439305879044322,0.2474977069996835,0.22840020909838082,0.24220179851937074,0.23958946079431645,0.006736413915034839,38.0,0.7019183797475612,0.7022682924455097,0.7129695559463078,0.6853065916601255,0.7019688356712852,0.700886331094158,0.00886430325991931,22.0
FS-PM25,classification,main,1.624081563949585,0.12402096615669636,0.029688358306884766,0.025123843852643223,0.00014445251022763054,"(32,)",0.003,"{'model__alpha': np.float64(0.00014445251022763054), 'model__hidden_layer_sizes': (32,), 'model__learning_rate_init': 0.003}",,,,,,,,,,,,,,,,,,,,,,,,,30,5,70791,FULL,0.23591700144971495,0.2439305879044322,0.24749772126183955,0.22840091031048537,0.24220196252725107,0.23958963669074462,0.006736197041732773,12.0,0.7019184523842961,0.7022682198029673,0.7129696528030312,0.6853065189793683,0.7019688840996468,0.700886345613862,0.008864355823431293,16.0
FS-PM25,classification,main,6.006976747512818,0.6977708645984428,0.023583316802978517,0.003055079740533656,0.0011462107403425038,"(64, 32)",0.003,"{'model__alpha': np.float64(0.0011462107403425038), 'model__hidden_layer_sizes': (64, 32), 'model__learning_rate_init': 0.003}",,,,,,,,,,,,,,,,,,,,,,,,,30,5,70791,FULL,0.23591700144971495,0.2439305879044322,0.2474977069996835,0.22840091031048537,0.24220180540524472,0.23958960241391214,0.006736181506815817,26.0,0.7019184523842961,0.7022683166596905,0.7129696043746695,0.6853064462986114,0.7019688598854661,0.7008863359205467,0.0088643705976095,21.0
FS-PM25,classification,main,10.088410758972168,3.4278711431296087,0.04300088882446289,0.0062047477185258335,0.00019069966103000456,"(128, 64, 32)",0.001,"{'model__alpha': np.float64(0.00019069966103000456), 'model__hidden_layer_sizes': (128, 64, 32), 'model__learning_rate_init': 0.001}",,,,,,,,,,,,,,,,,,,,,,,,,30,5,70791,FULL,0.23591700144971495,0.2439305879044322,0.24749772126183955,0.22840092148228452,0.24220179851937074,0.2395896061235284,0.006736180610214431,19.0,0.7019184523842961,0.7022683166596905,0.7129696528030312,0.6853065674332064,0.7019687388145619,0.7008863456189571,0.008864338262772522,14.0
FS-PM25,classification,main,8.499332571029663,0.28606232146244076,0.043940496444702146,0.002720660470944826,9.962513222055122e-06,"(128, 64, 32)",0.0003,"{'model__alpha': np.float64(9.962513222055122e-06), 'model__hidden_layer_sizes': (128, 64, 32), 'model__learning_rate_init': 0.0003}",,,,,,,,,,,,,,,,,,,,,,,,,30,5,70791,FULL,0.23591703767076636,0.24393064532426706,0.2474977069996835,0.22840020909838085,0.24220179851937076,0.2395894795224937,0.006736417366362568,35.0,0.7019185250210308,0.7022684135164138,0.7129694106612229,0.6853065674332064,0.7019688114571043,0.7008863456177956,0.008864278734503109,15.0
FS-PM25,classification,main,13.685060930252074,2.9390816633093824,0.042731952667236325,0.0036557896088954484,1.707072883030666e-06,"(128, 64, 32)",0.003,"{'model__alpha': np.float64(1.707072883030666e-06), 'model__hidden_layer_sizes': (128, 64, 32), 'model__learning_rate_init': 0.003}",,,,,,,,,,,,,,,,,,,,,,,,,30,5,70791,FULL,0.23591700144971495,0.24393058790443217,0.24749772126183955,0.22840019792658167,0.24220179851937074,0.23958946141238782,0.0067364209749559084,37.0,0.7019184523842961,0.7022682924455097,0.7129695075179462,0.6853065432062875,0.7019687388145619,0.7008863068737203,0.008864306415325124,26.0
FS-PM25,classification,main,10.79532332420349,2.6945119029638476,0.0449561595916748,0.0042581215399999225,7.122305833333869e-06,"(128, 64, 32)",0.001,"{'model__alpha': np.float64(7.122305833333869e-06), 'model__hidden_layer_sizes': (128, 64, 32), 'model__learning_rate_init': 0.001}",,,,,,,,,,,,,,,,,,,,,,,,,30,5,70791,FULL,0.2359170855913305,0.2439305879044322,0.24749770699968346,0.2284009213328259,0.2422019625272511,0.23958965287110465,0.006736180856595816,9.0,0.7019185976577655,0.7022682924455097,0.7129696043746695,0.6853065432062875,0.7019689567421893,0.7008863988852843,0.008864341526682385,1.0
FS-PM25,classification,main,9.183295345306396,0.7472726048551115,0.02289109230041504,0.002953366122509479,0.055517216852447225,"(64, 32)",0.001,"{'model__alpha': np.float64(0.055517216852447225), 'model__hidden_layer_sizes': (64, 32), 'model__learning_rate_init': 0.001}",,,,,,,,,,,,,,,,,,,,,,,,,30,5,70791,FULL,0.23591703767076636,0.24393058790443217,0.2474977069996835,0.22840091031048537,0.24220201851381457,0.23958965227983636,0.006736194085874925,10.0,0.7019185250210308,0.7022683166596905,0.7129696043746695,0.6853064947524494,0.7019687872429234,0.7008863456101528,0.008864353482628116,17.0
FS-PM25,classification,main,4.215703392028809,0.14198509314777946,0.019572067260742187,0.004132051540762029,8.454394570685005e-05,"(64, 32)",0.0003,"{'model__alpha': np.float64(8.454394570685005e-05), 'model__hidden_layer_sizes': (64, 32), 'model__learning_rate_init': 0.0003}",,,,,,,,,,,,,,,,,,,,,,,,,30,5,70791,FULL,0.23591700144971495,0.24393064532426706,0.2474977069996835,0.22840091031048537,0.24220179851937074,0.23958961252070435,0.006736188373396479,17.0,0.7019184523842961,0.7022684135164138,0.7129695559463078,0.6853064462986114,0.7019688356712852,0.7008863407633829,0.008864359823570062,20.0
FS-PM25,classification,main,14.384298992156982,4.244834380852193,0.04497060775756836,0.006314910896672661,1.4271483774997195e-05,"(128, 64, 32)",0.003,"{'model__alpha': np.float64(1.4271483774997195e-05), 'model__hidden_layer_sizes': (128, 64, 32), 'model__learning_rate_init': 0.003}",,,,,,,,,,,,,,,,,,,,,,,,,30,5,70791,FULL,0.23591700144971495,0.24393059545446633,0.2474977069996835,0.22840091031048537,0.24220180540524472,0.23958960392391898,0.006736182479907441,20.0,0.7019183797475612,0.7022683408738714,0.7129694590895845,0.6853065189793683,0.7019688598854661,0.7008863117151704,0.008864304504272797,24.0
FS-PM25,classification,main,15.809273099899292,6.054101488750279,0.0425048828125,0.00412072485433914,0.0011219752813215707,"(128, 64, 32)",0.003,"{'model__alpha': np.float64(0.0011219752813215707), 'model__hidden_layer_sizes': (128, 64, 32), 'model__learning_rate_init': 0.003}",,,,,,,,,,,,,,,,,,,,,,,,,30,5,70791,FULL,0.23591700144971495,0.2439305879044322,0.24749770699968346,0.22840092148228452,0.24220179851937074,0.23958960327109718,0.006736177261529894,23.0,0.7019183071108264,0.7022682198029673,0.7129696043746695,0.6853065674332064,0.7019688356712852,0.700886306878591,0.008864321022635787,25.0
FS-PM25,classification,main,8.851497650146484,0.7613842141917979,0.02604498863220215,0.0023410367344048368,0.035204810455260416,"(64, 32)",0.001,"{'model__alpha': np.float64(0.035204810455260416), 'model__hidden_layer_sizes': (64, 32), 'model__learning_rate_init': 0.001}",,,,,,,,,,,,,,,,,,,,,,,,,30,5,70791,FULL,0.23591700144971495,0.2439305879044322,0.24749770699968346,0.22840091031048537,0.2422019625272511,0.2395896338383134,0.006736193693069352,14.0,0.7019183797475612,0.7022683166596905,0.7129696043746695,0.6853065189793683,0.7019689567421893,0.7008863553006958,0.008864345723411814,11.0
FS-PM25,classification,main,4.331901168823242,0.714265237054432,0.02372589111328125,0.003188045454428487,0.0001335916680165183,"(64, 32)",0.001,"{'model__alpha': np.float64(0.0001335916680165183), 'model__hidden_layer_sizes': (64, 32), 'model__learning_rate_init': 0.001}",,,,,,,,,,,,,,,,,,,,,,,,,30,5,70791,FULL,0.23591700144971495,0.24393058790443217,0.24749772126183955,0.22840092148228452,0.24220196252725112,0.23958963892510443,0.006736193330493699,11.0,0.7019184523842961,0.7022683166596905,0.7129696528030312,0.6853065674332064,0.7019689809563702,0.7008863940473188,0.008864344176716766,3.0
FS-PM25,classification,main,1.5342352867126465,0.10935778084783015,0.014071893692016602,0.001465992345302679,0.0006894481952587272,"(32,)",0.003,"{'model__alpha': np.float64(0.0006894481952587272), 'model__hidden_layer_sizes': (32,), 'model__learning_rate_init': 0.003}",,,,,,,,,,,,,,,,,,,,,,,,,30,5,70791,FULL,0.23591700144971495,0.2439305879044322,0.24749800293505353,0.2284002089489222,0.24220179851937074,0.23958951995149871,0.0067364834483230095,33.0,0.7019184523842961,0.7022683166596905,0.7129697980881161,0.6853065674332064,0.7019688356712852,0.7008863940473189,0.008864380236945678,2.0
FS-PM25,classification,main,6.66136474609375,1.1360972530022115,0.024018239974975587,0.0024440682248658414,0.016271360716645866,"(64, 32)",0.001,"{'model__alpha': np.float64(0.016271360716645866), 'model__hidden_layer_sizes': (64, 32), 'model__learning_rate_init': 0.001}",,,,,,,,,,,,,,,,,,,,,,,,,30,5,70791,FULL,0.23591703767076638,0.24393058790443217,0.24749800293505353,0.22840091031048537,0.24220179851937074,0.23958966746802163,0.00673624650798632,4.0,0.7019183071108264,0.7022683166596905,0.7129697980881161,0.6853065189793683,0.7019688356712852,0.7008863553018573,0.008864393886613026,10.0
FS-PM25,classification,main,6.930306911468506,1.0112870562176686,0.025751495361328126,0.002161114956842181,0.029794544625913636,"(64, 32)",0.003,"{'model__alpha': np.float64(0.029794544625913636), 'model__hidden_layer_sizes': (64, 32), 'model__learning_rate_init': 0.003}",,,,,,,,,,,,,,,,,,,,,,,,,30,5,70791,FULL,0.23591703767076636,0.244233442214006,0.24749770699968346,0.2284009213328259,0.24220179851937074,0.2396501813473305,0.006776177415221506,1.0,0.7019185250210308,0.7022682924455097,0.7129696043746695,0.6853065432062875,0.7019687388145619,0.7008863407724119,0.00886433451258,18.0
FS-PM25,classification,main,6.848736047744751,0.9165167675473793,0.02350163459777832,0.0035311489367058405,0.04067908494359546,"(64, 32)",0.003,"{'model__alpha': np.float64(0.04067908494359546), 'model__hidden_layer_sizes': (64, 32), 'model__learning_rate_init': 0.003}",,,,,,,,,,,,,,,,,,,,,,,,,30,5,70791,FULL,0.23591700144971495,0.2439305879044322,0.2474977069996835,0.22840092148228452,0.24220179851937074,0.2395896032710972,0.006736177261529901,22.0,0.7019183797475612,0.7022683166596905,0.7129694106612229,0.6853065674332064,0.7019686903862004,0.7008862729775762,0.008864269374309914,30.0
FS-PM25,classification,main,4.236448287963867,0.2421717162996665,0.025286245346069335,0.0016100584155143152,0.0004019493217124642,"(64, 32)",0.0003,"{'model__alpha': np.float64(0.0004019493217124642), 'model__hidden_layer_sizes': (64, 32), 'model__learning_rate_init': 0.0003}",,,,,,,,,,,,,,,,,,,,,,,,,30,5,70791,FULL,0.2359170855913305,0.24393059545446633,0.2474977069996835,0.22840019792658167,0.24220179851937074,0.23958947689828655,0.006736409425286978,36.0,0.7019185976577655,0.7022683408738714,0.7129695559463078,0.6853064947524494,0.7019688356712852,0.700886364980336,0.008864343909228255,8.0
FS-PM25,classification,main,5.843782949447632,1.1522153086560143,0.0234377384185791,0.00211967267249609,8.777815504719648e-05,"(64, 32)",0.003,"{'model__alpha': np.float64(8.777815504719648e-05), 'model__hidden_layer_sizes': (64, 32), 'model__learning_rate_init': 0.003}",,,,,,,,,,,,,,,,,,,,,,,,,30,5,70791,FULL,0.2359170855913305,0.24393058790443217,0.2474977069996835,0.22840091031048537,0.24220180540524472,0.23958961924223524,0.006736172332004931,15.0,0.7019185976577655,0.7022682924455097,0.7129696043746695,0.6853065189793683,0.7019686177436577,0.7008863262401942,0.008864341763833444,23.0
FS-PM25,classification,main,4.46215705871582,0.1510351835832083,0.024661827087402343,0.002182524722169375,0.013921548533046514,"(64, 32)",0.0003,"{'model__alpha': np.float64(0.013921548533046514), 'model__hidden_layer_sizes': (64, 32), 'model__learning_rate_init': 0.0003}",,,,,,,,,,,,,,,,,,,,,,,,,30,5,70791,FULL,0.23591700144971495,0.2439305879044322,0.24749800293505353,0.22840091031048537,0.24220179851937074,0.23958966022381137,0.0067362504575745235,7.0,0.7019184523842961,0.7022683166596905,0.7129697980881161,0.6853065189793683,0.7019688356712852,0.7008863843565513,0.008864397269216166,6.0
FS-PM25,classification,main,2.1257297515869142,0.04011675452293747,0.014768362045288086,0.003054252718542237,2.539057572102415e-05,"(32,)",0.0003,"{'model__alpha': np.float64(2.539057572102415e-05), 'model__hidden_layer_sizes': (32,), 'model__learning_rate_init': 0.0003}",,,,,,,,,,,,,,,,,,,,,,,,,30,5,70791,FULL,0.23591700144971495,0.24393059545446633,0.2474977069996835,0.22840091031048537,0.24220179851937074,0.2395896025467442,0.006736181945858014,25.0,0.7019182344740917,0.702268244017148,0.7129696043746695,0.6853065189793683,0.7019688356712852,0.7008862875033126,0.008864337118656035,28.0
FS-PM25,classification,main,2.103462076187134,0.04750246533605603,0.013936567306518554,0.0032958734241503355,3.029476085280708e-05,"(32,)",0.0003,"{'model__alpha': np.float64(3.029476085280708e-05), 'model__hidden_layer_sizes': (32,), 'model__learning_rate_init': 0.0003}",,,,,,,,,,,,,,,,,,,,,,,,,30,5,70791,FULL,0.23591700144971495,0.2439305879044322,0.2474977069996835,0.2284009213328259,0.24220179851937074,0.23958960324120548,0.006736177311179571,24.0,0.7019184523842961,0.7022683166596905,0.7129696043746695,0.6853065432062875,0.7019688356712852,0.7008863504592456,0.008864335941525263,12.0
FS-PM25,classification,main,2.1061466693878175,0.05433193002203606,0.015324878692626952,0.0028000169146398003,1.1972422479639339e-06,"(32,)",0.0003,"{'model__alpha': np.float64(1.1972422479639339e-06), 'model__hidden_layer_sizes': (32,), 'model__learning_rate_init': 0.0003}",,,,,,,,,,,,,,,,,,,,,,,,,30,5,70791,FULL,0.23591700144971495,0.2439305879044322,0.2474977069996835,0.22840091031048537,0.24220179851937074,0.23958960103673738,0.006736180972766004,28.0,0.7019184523842961,0.7022683166596905,0.7129694106612229,0.6853064947524494,0.7019687388145619,0.7008862826544442,0.008864297797127513,29.0
FS-PM25,classification,main,11.607403087615968,2.7416073595866988,0.04031391143798828,0.0014337831706470092,9.853225172032558e-06,"(128, 64, 32)",0.003,"{'model__alpha': np.float64(9.853225172032558e-06), 'model__hidden_layer_sizes': (128, 64, 32), 'model__learning_rate_init': 0.003}",,,,,,,,,,,,,,,,,,,,,,,,,30,5,70791,FULL,0.23591700144971495,0.24393058790443217,0.24749798867289746,0.22840092148228452,0.24220180540524472,0.23958966098291476,0.006736243931642886,6.0,0.7019184523842961,0.7022683166596905,0.7129697496597545,0.6853065674332064,0.7019688598854661,0.7008863892044828,0.008864367625392493,5.0
FS-PM25,classification,edge:lr_edge,2.1039612770080565,0.17194881999607295,0.01708645820617676,0.004275727221980107,7.459343285726558e-05,"(32,)",0.001,"{'model__alpha': np.float64(7.459343285726558e-05), 'model__hidden_layer_sizes': (32,), 'model__learning_rate_init': 0.001}",,,,,,,,,,,,,,,,,,,,,,,,,15,5,70791,FULL,0.23591700144971495,0.2439305879044322,0.2474977069996835,0.22839871972998155,0.24220201851381457,0.23958920691952534,0.006736925758134397,42.0,0.7019184523842961,0.7022683166596905,0.7129696043746695,0.6853064705255304,0.7019687872429234,0.700886326237422,0.008864360307254876,14.0
FS-PM25,classification,edge:lr_edge,2.122868871688843,0.04173232203538046,0.013546323776245118,0.0014258949540200967,0.00791507439765622,"(32,)",0.0003,"{'model__alpha': np.float64(0.00791507439765622), 'model__hidden_layer_sizes': (32,), 'model__learning_rate_init': 0.0003}",,,,,,,,,,,,,,,,,,,,,,,,,15,5,70791,FULL,0.23591700144971495,0.2439305879044322,0.2474977069996835,0.22840091031048537,0.24220179851937074,0.23958960103673738,0.006736180972766004,28.0,0.7019184523842961,0.7022683166596905,0.7129696043746695,0.6853064947524494,0.7019688356712852,0.7008863407684782,0.008864352973859695,7.0
FS-PM25,classification,edge:lr_edge,9.941103553771972,3.5038782132400383,0.04605712890625,0.003004553842081522,6.025215736203862e-06,"(128, 64, 32)",0.001,"{'model__alpha': np.float64(6.025215736203862e-06), 'model__hidden_layer_sizes': (128, 64, 32), 'model__learning_rate_init': 0.001}",,,,,,,,,,,,,,,,,,,,,,,,,15,5,70791,FULL,0.23591700144971495,0.24393064532426706,0.2474977069996835,0.22840092148228452,0.24220179851937074,0.23958961475506416,0.006736184662160645,16.0,0.7019184523842961,0.7022684135164138,0.7129696043746695,0.6853065674332064,0.7019688356712852,0.7008863746759741,0.008864330445466261,3.0
FS-PM25,classification,edge:lr_edge,15.763649559020996,2.558704229973554,0.07186102867126465,0.03703307542239197,0.021423021757741054,"(128, 64, 32)",0.01,"{'model__alpha': np.float64(0.021423021757741054), 'model__hidden_layer_sizes': (128, 64, 32), 'model__learning_rate_init': 0.01}",,,,,,,,,,,,,,,,,,,,,,,,,15,5,70791,FULL,0.23263319267182758,0.24285864158545878,0.24661864004190795,0.22840091031048537,0.2391262731717591,0.23792753155628774,0.006634376095365014,45.0,0.7014887576735868,0.7022670817364687,0.7129401599307901,0.6853065189793683,0.7018951034906824,0.7007795243621793,0.008845963018607109,15.0
FS-PM25,classification,edge:lr_edge,10.336187505722046,0.6652063484103634,0.0236081600189209,0.0023362487363684376,0.07072114131472237,"(64, 32)",0.0003,"{'model__alpha': np.float64(0.07072114131472237), 'model__hidden_layer_sizes': (64, 32), 'model__learning_rate_init': 0.0003}",,,,,,,,,,,,,,,,,,,,,,,,,15,5,70791,FULL,0.23591700144971495,0.2439306453242671,0.2474977069996835,0.22840019792658167,0.24220196252725107,0.23958950284549968,0.006736437747423322,34.0,0.7019184523842961,0.7022684135164138,0.7129694590895845,0.6853065432062875,0.7019688840996468,0.7008863504592459,0.008864300536107515,5.0
FS-PM25,classification,edge:lr_edge,3.66398286819458,0.14828353655714746,0.016370773315429688,0.003960340926164138,8.111941985431925e-06,"(32,)",0.0001,"{'model__alpha': np.float64(8.111941985431925e-06), 'model__hidden_layer_sizes': (32,), 'model__learning_rate_init': 0.0001}",,,,,,,,,,,,,,,,,,,,,,,,,15,5,70791,FULL,0.23591700144971495,0.2439305879044322,0.2474977069996835,0.22840091031048537,0.24220179851937074,0.23958960103673738,0.006736180972766004,28.0,0.7019183797475612,0.7022683166596905,0.7129696043746695,0.6853065189793683,0.7019688356712852,0.7008863310865149,0.008864342766268718,12.0
FS-PM25,classification,edge:lr_edge,5.964822483062744,0.3703394483861753,0.025988292694091798,0.0024173817546784713,3.320559103751961e-05,"(64, 32)",0.01,"{'model__alpha': np.float64(3.320559103751961e-05), 'model__hidden_layer_sizes': (64, 32), 'model__learning_rate_init': 0.01}",,,,,,,,,,,,,,,,,,,,,,,,,15,5,70791,FULL,0.23591703767076638,0.2439305879044322,0.2474977069996835,0.22840091031048537,0.24220179851937074,0.2395896082809476,0.006736177023200714,18.0,0.7019183797475612,0.7022683166596905,0.7129696043746695,0.6853065189793683,0.7019688356712852,0.7008863310865149,0.008864342766268718,12.0
FS-PM25,classification,edge:lr_edge,1.7840492248535156,0.2950959933223694,0.015000724792480468,0.0013667948262843807,0.00014445251022763054,"(32,)",0.001,"{'model__alpha': np.float64(0.00014445251022763054), 'model__hidden_layer_sizes': (32,), 'model__learning_rate_init': 0.001}",,,,,,,,,,,,,,,,,,,,,,,,,15,5,70791,FULL,0.23591700144971495,0.2439305879044322,0.24749798867289746,0.22840019792658167,0.24220196252725112,0.2395895476961755,0.006736496481411109,32.0,0.7019183797475612,0.7022681955887865,0.7129697496597545,0.6853065189793683,0.7019689809563702,0.7008863649863681,0.008864382148649264,4.0
FS-PM25,classification,edge:lr_edge,5.926714372634888,0.6557201323711312,0.02303466796875,0.0014022571621191784,0.0011462107403425038,"(64, 32)",0.003,"{'model__alpha': np.float64(0.0011462107403425038), 'model__hidden_layer_sizes': (64, 32), 'model__learning_rate_init': 0.003}",,,,,,,,,,,,,,,,,,,,,,,,,15,5,70791,FULL,0.23591700144971495,0.2439305879044322,0.2474977069996835,0.22840091031048537,0.24220180540524472,0.23958960241391214,0.006736181506815817,26.0,0.7019184523842961,0.7022683166596905,0.7129696043746695,0.6853064462986114,0.7019688598854661,0.7008863359205467,0.0088643705976095,9.0
FS-PM25,classification,edge:lr_edge,17.753081798553467,0.8811686861907994,0.0488339900970459,0.0032192214057401632,0.0739226614051605,"(128, 64, 32)",0.001,"{'model__alpha': np.float64(0.0739226614051605), 'model__hidden_layer_sizes': (128, 64, 32), 'model__learning_rate_init': 0.001}",,,,,,,,,,,,,,,,,,,,,,,,,15,5,70791,FULL,0.23591700144971495,0.2439305879044322,0.24749798867289746,0.22840091031048537,0.24220180540524472,0.23958965874855495,0.006736247642861405,8.0,0.7019183071108264,0.7022683166596905,0.7129697496597545,0.6853064462986114,0.7019688598854661,0.7008863359228696,0.008864406823472391,8.0
FS-PM25,classification,edge:lr_edge,1.9642465591430665,0.24319430896754857,0.014257860183715821,0.0003191747693316316,8.171653749019028e-05,"(32,)",0.001,"{'model__alpha': np.float64(8.171653749019028e-05), 'model__hidden_layer_sizes': (32,), 'model__learning_rate_init': 0.001}",,,,,,,,,,,,,,,,,,,,,,,,,15,5,70791,FULL,0.23591700144971495,0.2439305879044322,0.2474977069996835,0.22840019792658167,0.24220179851937074,0.23958945855995664,0.006736417626329593,39.0,0.7019184523842961,0.7022683166596905,0.7129696043746695,0.6853065432062875,0.7019687388145619,0.700886331087901,0.008864333576041083,11.0
FS-PM25,classification,edge:lr_edge,16.33626494407654,4.35254928166971,0.054758453369140626,0.02661345849420117,0.019938938493554582,"(128, 64, 32)",0.01,"{'model__alpha': np.float64(0.019938938493554582), 'model__hidden_layer_sizes': (128, 64, 32), 'model__learning_rate_init': 0.01}",,,,,,,,,,,,,,,,,,,,,,,,,15,5,70791,FULL,0.2353142188085837,0.24383122626103773,0.24629031229159537,0.22830145430416332,0.23723997633433985,0.238195437599944,0.006393658475661573,44.0,0.7019167091026612,0.7023904529877563,0.7129405473576833,0.6853423021387524,0.7022397439263207,0.7009659511026348,0.00885488630046766,1.0
FS-PM25,classification,edge:lr_edge,5.7036572933197025,1.0673646091896707,0.021655750274658204,0.0020992200839770226,0.0001788530126186202,"(64, 32)",0.003,"{'model__alpha': np.float64(0.0001788530126186202), 'model__hidden_layer_sizes': (64, 32), 'model__learning_rate_init': 0.003}",,,,,,,,,,,,,,,,,,,,,,,,,15,5,70791,FULL,0.23591700144971495,0.24393059545446633,0.24749770699968346,0.22840091031048537,0.24220196252725112,0.23958963534832023,0.006736194666152174,13.0,0.7019183071108264,0.7022683408738714,0.7129696043746695,0.6853065189793683,0.7019689809563702,0.7008863504590211,0.00886434537860687,6.0
FS-PM25,classification,edge:lr_edge,9.840759134292602,1.2475167604788404,0.022724390029907227,0.0020366669516144525,0.05140540420871597,"(64, 32)",0.0003,"{'model__alpha': np.float64(0.05140540420871597), 'model__hidden_layer_sizes': (64, 32), 'model__learning_rate_init': 0.0003}",,,,,,,,,,,,,,,,,,,,,,,,,15,5,70791,FULL,0.23591700144971495,0.24393058790443217,0.24749798867289746,0.22840093250462504,0.24220179851937074,0.23958966181020808,0.0067362397360419945,5.0,0.7019183797475612,0.7022682924455097,0.7129697012313928,0.6853065916601255,0.7019686903862004,0.700886331094158,0.008864339320473421,10.0
FS-PM25,classification,edge:lr_edge,7.318722152709961,1.479075658348977,0.021563196182250978,0.004323644897964045,8.454394570685005e-05,"(64, 32)",0.01,"{'model__alpha': np.float64(8.454394570685005e-05), 'model__hidden_layer_sizes': (64, 32), 'model__learning_rate_init': 0.01}",,,,,,,,,,,,,,,,,,,,,,,,,15,5,70791,FULL,0.23591700144971495,0.24393058790443217,0.24749798867289746,0.22840091031048537,0.24220201851381457,0.2395897013702689,0.006736264171004393,2.0,0.7019184523842961,0.7022683166596905,0.7129697496597545,0.6853065189793683,0.7019689325280085,0.7008863940422236,0.008864386431888078,2.0
