feature_set,task,metric,train_size,cv_mean,cv_sd,rows_used,mode
FS-Primary,regression,mae,5000,2.7159755024848096,0.014042377603412237,70791,FULL
FS-Primary,regression,mae,10000,2.7128918926138472,0.01184644014242737,70791,FULL
FS-Primary,regression,mae,20000,2.7118832485517412,0.012225026492229831,70791,FULL
FS-Primary,regression,mae,40000,2.711051226422159,0.012309082794436564,70791,FULL
FS-Primary,regression,r2,5000,0.15180589863275104,0.005928591838354037,70791,FULL
FS-Primary,regression,r2,10000,0.15309023683091183,0.004885204346953256,70791,FULL
FS-Primary,regression,r2,20000,0.15363415266102795,0.0052011419370415046,70791,FULL
FS-Primary,regression,r2,40000,0.15390923603605774,0.005092713473128377,70791,FULL
FS-Primary,regression,rmse,5000,3.4222694118531742,0.018537261694720267,70791,FULL
FS-Primary,regression,rmse,10000,3.4196808691735114,0.016947993443839345,70791,FULL
FS-Primary,regression,rmse,20000,3.4185820251578996,0.017540738690933155,70791,FULL
FS-Primary,regression,rmse,40000,3.4180270154803494,0.01745214776962713,70791,FULL
FS-Primary,classification,pr_auc,5000,0.23488153994404523,0.005970679196788661,70791,FULL
FS-Primary,classification,pr_auc,10000,0.23708336253786158,0.005980055863361794,70791,FULL
FS-Primary,classification,pr_auc,20000,0.23848882561934773,0.004768601436523905,70791,FULL
FS-Primary,classification,pr_auc,40000,0.23872493674098968,0.004654800419749801,70791,FULL
FS-Primary,classification,roc_auc,5000,0.6978078590991089,0.006358783723497237,70791,FULL
FS-Primary,classification,roc_auc,10000,0.6991016275158835,0.005733907932590261,70791,FULL
FS-Primary,classification,roc_auc,20000,0.7003704351996519,0.004231548894606742,70791,FULL
FS-Primary,classification,roc_auc,40000,0.700519973031165,0.004128752785225598,70791,FULL
FS-PM25,regression,mae,5000,2.7114616822514654,0.012161467787667682,70791,FULL
FS-PM25,regression,mae,10000,2.7107562870089077,0.011803890690411394,70791,FULL
FS-PM25,regression,mae,20000,2.7103667883292633,0.012321967129557335,70791,FULL
FS-PM25,regression,mae,40000,2.7096183501503908,0.01253034963878294,70791,FULL
FS-PM25,regression,r2,5000,0.15395147280681562,0.004764544513602785,70791,FULL
FS-PM25,regression,r2,10000,0.1539658687800618,0.004830954001216877,70791,FULL
FS-PM25,regression,r2,20000,0.15425843287145843,0.005188472265609221,70791,FULL
FS-PM25,regression,r2,40000,0.15423333630209438,0.005204704437838986,70791,FULL
FS-PM25,regression,rmse,5000,3.4179423817010797,0.016886988899694467,70791,FULL
FS-PM25,regression,rmse,10000,3.4179134915254408,0.017096445701897504,70791,FULL
FS-PM25,regression,rmse,20000,3.417321818536706,0.017743944532689866,70791,FULL
FS-PM25,regression,rmse,40000,3.417372483445994,0.017771757932321747,70791,FULL
FS-PM25,classification,pr_auc,5000,0.23899940568389952,0.004151641591969587,70791,FULL
FS-PM25,classification,pr_auc,10000,0.23899940568389952,0.004151641591969587,70791,FULL
FS-PM25,classification,pr_auc,20000,0.23897921834539823,0.004160036601441589,70791,FULL
FS-PM25,classification,pr_auc,40000,0.23758752287834006,0.004319064189994772,70791,FULL
FS-PM25,classification,roc_auc,5000,0.7008579349409901,0.004079666549156558,70791,FULL
FS-PM25,classification,roc_auc,10000,0.7008579349409901,0.004079666549156558,70791,FULL
FS-PM25,classification,roc_auc,20000,0.7008579291302907,0.004079675676312973,70791,FULL
FS-PM25,classification,roc_auc,40000,0.7008406361750827,0.004103983578038211,70791,FULL
