feature_set,task,stage,mean_fit_time,std_fit_time,mean_score_time,std_score_time,param_model__C,param_model__epsilon,param_model__gamma,params,split0_test_rmse,split1_test_rmse,split2_test_rmse,split3_test_rmse,split4_test_rmse,mean_test_rmse,std_test_rmse,rank_test_rmse,split0_test_mae,split1_test_mae,split2_test_mae,split3_test_mae,split4_test_mae,mean_test_mae,std_test_mae,rank_test_mae,split0_test_r2,split1_test_r2,split2_test_r2,split3_test_r2,split4_test_r2,mean_test_r2,std_test_r2,rank_test_r2,rows_used,n_iter,cv,refit_metric,mode,edge_extended,edge_note,param_model__class_weight,split0_test_pr_auc,split1_test_pr_auc,split2_test_pr_auc,split3_test_pr_auc,split4_test_pr_auc,mean_test_pr_auc,std_test_pr_auc,rank_test_pr_auc,split0_test_roc_auc,split1_test_roc_auc,split2_test_roc_auc,split3_test_roc_auc,split4_test_roc_auc,mean_test_roc_auc,std_test_roc_auc,rank_test_roc_auc
FS-Primary,regression,phaseB,2.3328996181488035,0.0199647864885822,1.0079545497894287,0.008483446140007053,10.374090507756225,3.4028218956255576,0.001060788436081503,"{'model__C': np.float64(10.374090507756225), 'model__epsilon': np.float64(3.4028218956255576), 'model__gamma': np.float64(0.001060788436081503)}",-3.365043558679946,-3.4175680277179286,-3.3754704356470393,-3.454100044164111,-3.4435894889238123,3.411154311026567,0.03560071057104685,1.0,-2.679337590397583,-2.711560604531561,-2.6714705757291615,-2.74447857531765,-2.7152918536187327,2.704427839918938,0.026414641449713543,7.0,0.16659289636575947,0.15958779894882635,0.16501769574830505,0.15221855257367312,0.14676150753874206,0.1580356902350612,0.0075541975781825395,1.0,20000,20,5,rmse,FULL,False,,,,,,,,,,,,,,,,,,
FS-Primary,regression,phaseB,4.354997062683106,0.0321285067866337,1.8689769744873046,0.004734970019247385,19.311474493474115,1.835896227182847,0.00021481092406256007,"{'model__C': np.float64(19.311474493474115), 'model__epsilon': np.float64(1.835896227182847), 'model__gamma': np.float64(0.00021481092406256007)}",-3.3687947358090358,-3.4189849883627526,-3.3760626261868705,-3.4559981482408224,-3.4436554350938295,3.4126991867386622,0.03504979047568429,13.0,-2.6802338402062933,-2.7112048907412123,-2.670658053455727,-2.745089474774707,-2.7149427874134435,2.7044258093182765,0.026591762510422032,6.0,0.16473378214789636,0.15889076651502287,0.16472469244368515,0.15128654739712155,0.14672882748228,0.15727292319720118,0.00722253899748878,13.0,20000,20,5,rmse,FULL,False,,,,,,,,,,,,,,,,,,
FS-Primary,regression,phaseB,2.5035501956939696,0.02903528940408285,1.0965418815612793,0.011772992486747545,4.314181670274505,3.236135427415593,0.0007379634316451594,"{'model__C': np.float64(4.314181670274505), 'model__epsilon': np.float64(3.236135427415593), 'model__gamma': np.float64(0.0007379634316451594)}",-3.366912894066463,-3.418960295713831,-3.375998855481824,-3.454287905672185,-3.442953953095965,3.411822780806054,0.03499609232385193,5.0,-2.6815242737536855,-2.7123501916298527,-2.672655772557293,-2.7452376628586874,-2.7170931581021267,2.7057722117803293,0.026128974410401358,16.0,0.16566669729165706,0.15890291581668892,0.16475624730394378,0.1521263318329542,0.1470764194028542,0.15770572232961963,0.007192106451220824,5.0,20000,20,5,rmse,FULL,False,,,,,,,,,,,,,,,,,,
FS-Primary,regression,phaseB,4.993448686599732,0.019666428520657295,2.0883627414703367,0.020299868075119954,26.155506306346005,1.5688565929318825,0.002051672694823814,"{'model__C': np.float64(26.155506306346005), 'model__epsilon': np.float64(1.5688565929318825), 'model__gamma': np.float64(0.002051672694823814)}",-3.3704468512282393,-3.4189851304510106,-3.3795568095316812,-3.457163474042989,-3.44528139713422,3.4142867324776285,0.03449423686283127,19.0,-2.6829702031544675,-2.710652769969058,-2.6725816696141957,-2.7447938004862453,-2.7139761552316837,2.7049949196911305,0.02542570232350078,14.0,0.16391432315253596,0.15889069660436306,0.1629947983323966,0.15071409661020585,0.14592287340343035,0.15648735762058635,0.007045871264364001,19.0,20000,20,5,rmse,FULL,False,,,,,,,,,,,,,,,,,,
FS-Primary,regression,phaseB,4.223489284515381,0.025321474865150656,1.8236423969268798,0.004493885216115244,36.92492394218418,1.9469450151032683,0.00023075935722804565,"{'model__C': np.float64(36.92492394218418), 'model__epsilon': np.float64(1.9469450151032683), 'model__gamma': np.float64(0.00023075935722804565)}",-3.3679655484286446,-3.4186192724355324,-3.375806623787061,-3.456412062898526,-3.443241219605998,3.412408945431152,0.03532822420105974,8.0,-2.67975754042667,-2.7112293997035986,-2.6704379622315484,-2.745494809013027,-2.714004130708062,2.7041847684165816,0.02678843987552337,3.0,0.16514491255202768,0.15907069745504288,0.1648513633023706,0.15108323943228452,0.14693408430034538,0.1574168594084142,0.0073175562832494805,8.0,20000,20,5,rmse,FULL,False,,,,,,,,,,,,,,,,,,
FS-Primary,regression,phaseB,3.9874017238616943,0.134219197516222,1.767631435394287,0.06436002737354224,6.106604964475481,2.1281532224067266,0.0005971589552749727,"{'model__C': np.float64(6.106604964475481), 'model__epsilon': np.float64(2.1281532224067266), 'model__gamma': np.float64(0.0005971589552749727)}",-3.3682016302401427,-3.4184111228203142,-3.3768672949157277,-3.45631374319925,-3.4431342284104423,3.412585603917175,0.03500011431775727,11.0,-2.6805445073890133,-2.7112519291377195,-2.67179175464669,-2.7458161087568143,-2.715132342457381,2.704907328477524,0.026489701598549905,12.0,0.16502786800015845,0.1591730977330469,0.1643264770710896,0.1511315346308787,0.14698709779453367,0.15732921504594147,0.007169399811573917,11.0,20000,20,5,rmse,FULL,False,,,,,,,,,,,,,,,,,,
FS-Primary,regression,phaseB,4.042218828201294,0.09795804458044127,1.740708589553833,0.010675507967841698,12.16388819301975,2.1024948910274475,0.0007602642011828171,"{'model__C': np.float64(12.16388819301975), 'model__epsilon': np.float64(2.1024948910274475), 'model__gamma': np.float64(0.0007602642011828171)}",-3.3676065232859504,-3.4181078916633583,-3.3767294295662147,-3.456230125522781,-3.4435430291730604,3.412443399842273,0.03522040297932343,9.0,-2.6799360019049843,-2.710921578672268,-2.671365609429227,-2.7454442374886048,-2.7144592531309217,2.704425336125201,0.026525851339893484,5.0,0.1653228941772963,0.15932226270873007,0.16439471076844414,0.15117260703076507,0.14678453059674945,0.157399401056397,0.007305640791212719,9.0,20000,20,5,rmse,FULL,False,,,,,,,,,,,,,,,,,,
FS-Primary,regression,phaseB,3.994688701629639,0.013225745335426493,1.7420223236083985,0.013717172552863087,5.406623606387938,2.1043000267223153,0.00038491413575579087,"{'model__C': np.float64(5.406623606387938), 'model__epsilon': np.float64(2.1043000267223153), 'model__gamma': np.float64(0.00038491413575579087)}",-3.369653264506981,-3.41967608775233,-3.3776738202436705,-3.4568968749435642,-3.4436811838426986,3.413516246257849,0.034751652399739846,18.0,-2.681979715835115,-2.7123332123024375,-2.6729039911183454,-2.7462578910975273,-2.7167612225721434,2.706047206585114,0.026263739253515748,18.0,0.1643079969931186,0.15855069551173628,0.16392724767247402,0.150845076894219,0.14671606735125542,0.15686941688456066,0.007033567037416344,18.0,20000,20,5,rmse,FULL,False,,,,,,,,,,,,,,,,,,
FS-Primary,regression,phaseB,2.7066768169403077,0.023723232900718136,1.1785267829895019,0.013592749814874931,13.005341863290557,3.0764248948281168,0.00024246632796101776,"{'model__C': np.float64(13.005341863290557), 'model__epsilon': np.float64(3.0764248948281168), 'model__gamma': np.float64(0.00024246632796101776)}",-3.366887559430241,-3.4189218403472776,-3.376187946938251,-3.455332832161734,-3.4420792484310145,3.4118818854617032,0.03506557595865686,6.0,-2.6813213899248884,-2.7122565363155635,-2.673054583815283,-2.7463672499700413,-2.716653279875034,2.7059306079801617,0.026368775684392717,17.0,0.16567925327504696,0.15892183648963054,0.16466267980732452,0.15161328851825362,0.14750974582821863,0.15767736078369485,0.007134802750055829,6.0,20000,20,5,rmse,FULL,False,,,,,,,,,,,,,,,,,,
FS-Primary,regression,phaseB,3.1456703662872316,0.03443149779305733,1.373198890686035,0.023025919337695818,15.281245548364929,2.696351381436262,0.0001585448408502484,"{'model__C': np.float64(15.281245548364929), 'model__epsilon': np.float64(2.696351381436262), 'model__gamma': np.float64(0.0001585448408502484)}",-3.368199916240972,-3.4197347584711886,-3.377143610095824,-3.4569453501034086,-3.442485914281251,3.4129019098385287,0.03503897830061552,15.0,-2.681959558794048,-2.712692197829603,-2.673224029098523,-2.747596733893989,-2.7172888666765616,2.7065522772585444,0.026657810579036025,19.0,0.16502871779558925,0.15852182209927668,0.16418971201223398,0.150821261772896,0.14730829831451853,0.15717396239890288,0.007077044352273063,14.0,20000,20,5,rmse,FULL,False,,,,,,,,,,,,,,,,,,
FS-Primary,regression,phaseB,4.383021306991577,0.05246426321534189,1.8962010383605956,0.03868772732642902,19.7931851767883,1.864497130651797,0.0001669360631138168,"{'model__C': np.float64(19.7931851767883), 'model__epsilon': np.float64(1.864497130651797), 'model__gamma': np.float64(0.0001669360631138168)}",-3.368912690771918,-3.4193605371104647,-3.3766004107893193,-3.456166018403581,-3.443469123238782,3.412901756062813,0.03493050734934969,14.0,-2.680697463224319,-2.7115725794474703,-2.671110165266089,-2.7453343024246197,-2.7154717407825806,2.704837250229016,0.026528150566056893,11.0,0.164675289109106,0.15870597783140106,0.16445856350822863,0.15120409531263557,0.14682115392870443,0.15717301593801514,0.00713445637438451,15.0,20000,20,5,rmse,FULL,False,,,,,,,,,,,,,,,,,,
FS-Primary,regression,phaseB,2.388739490509033,0.03352443100276725,1.0215117454528808,0.006542360100303082,50.995379476177085,3.4322356320112775,0.0013110753284756179,"{'model__C': np.float64(50.995379476177085), 'model__epsilon': np.float64(3.4322356320112775), 'model__gamma': np.float64(0.0013110753284756179)}",-3.365599039155481,-3.4171766450803855,-3.3777199049140254,-3.4541643609227375,-3.444432220965159,3.411818434207558,0.03516955842417462,4.0,-2.6801110532818213,-2.711191282872248,-2.6729594227136397,-2.744121151274883,-2.7156547935752724,2.7048075407435723,0.025799977308380673,9.0,0.16631772632655506,0.15978027728836774,0.16390443291765466,0.15218698020363275,0.1463438390543259,0.15770665115810723,0.007435634552279253,4.0,20000,20,5,rmse,FULL,False,,,,,,,,,,,,,,,,,,
FS-Primary,regression,phaseB,4.665874433517456,0.034829745552637535,2.0121784687042235,0.01132740345492751,8.545752636669176,1.7208526024943698,0.0009292207606260651,"{'model__C': np.float64(8.545752636669176), 'model__epsilon': np.float64(1.7208526024943698), 'model__gamma': np.float64(0.0009292207606260651)}",-3.368384438247057,-3.418586403633416,-3.3764831744433628,-3.4554733356918668,-3.4437819589220635,3.4125418621875534,0.0349448096100626,10.0,-2.6798696748112096,-2.710598799138863,-2.6705563038753506,-2.743998183972947,-2.714025315851279,2.7038096555299296,0.0262468210579297,1.0,0.1649372298791264,0.15908686784651416,0.16451658288420912,0.15154429154620996,0.14666612601834195,0.15735021963488033,0.007208246542070599,10.0,20000,20,5,rmse,FULL,False,,,,,,,,,,,,,,,,,,
FS-Primary,regression,phaseB,4.542618274688721,0.029358077752787152,1.9897319316864013,0.015203378229379921,12.443862519465082,1.76889602567773,0.0005501392824123847,"{'model__C': np.float64(12.443862519465082), 'model__epsilon': np.float64(1.76889602567773), 'model__gamma': np.float64(0.0005501392824123847)}",-3.3687059377733957,-3.4186724039152243,-3.3763660573895113,-3.455837430270551,-3.4436206817842834,3.412640502226593,0.0349519992497527,12.0,-2.680004948883893,-2.7108038021754512,-2.6704621085949376,-2.7443706914931143,-2.7144336641909095,2.704015043067661,0.026402641195973076,2.0,0.16477781511973055,0.1590445581503691,0.16457454121202708,0.15136548281660678,0.14674604979044104,0.1573016894178349,0.0071900555895701755,12.0,20000,20,5,rmse,FULL,False,,,,,,,,,,,,,,,,,,
FS-Primary,regression,phaseB,2.431261587142944,0.04067872895141203,1.0842512130737305,0.00716606384797032,4.039863549987998,3.321204272689924,0.0002856422143678275,"{'model__C': np.float64(4.039863549987998), 'model__epsilon': np.float64(3.321204272689924), 'model__gamma': np.float64(0.0002856422143678275)}",-3.3742442518122293,-3.42578286497435,-3.3830474385622766,-3.4593535535794175,-3.447971451237344,3.418079912033124,0.0340740147061993,20.0,-2.6873049029422638,-2.7177163078686006,-2.6802403225852522,-2.7496353407419662,-2.7247933458191818,2.711938043991453,0.025421528203892787,20.0,0.16202926698727127,0.15554273133077823,0.16126487712110849,0.14963772701489597,0.1445886365989526,0.1546126478106013,0.006713480287609765,20.0,20000,20,5,rmse,FULL,False,,,,,,,,,,,,,,,,,,
FS-Primary,regression,phaseB,4.060840606689453,0.025231094209705686,1.73639817237854,0.020725333002825006,23.05234511607264,2.1428797483533177,0.0005894467002712317,"{'model__C': np.float64(23.05234511607264), 'model__epsilon': np.float64(2.1428797483533177), 'model__gamma': np.float64(0.0005894467002712317)}",-3.3675022541245916,-3.417635922004892,-3.376609755534243,-3.456317109080797,-3.4433545349451506,3.412283915137935,0.03524483618365081,7.0,-2.6798007634669614,-2.710681133773115,-2.6711534283591107,-2.7454728177116,-2.7143391200170623,2.70428945266557,0.02659176926522597,4.0,0.16537458058061116,0.15955440692651157,0.16445393877835146,0.15112988131332294,0.14687793543478678,0.15747814860671677,0.00732108123116068,7.0,20000,20,5,rmse,FULL,False,,,,,,,,,,,,,,,,,,
FS-Primary,regression,phaseB,4.529699087142944,0.06091729255317346,1.913241481781006,0.008794740332351884,16.72105068456935,1.8927526827533634,0.0020498235077082206,"{'model__C': np.float64(16.72105068456935), 'model__epsilon': np.float64(1.8927526827533634), 'model__gamma': np.float64(0.0020498235077082206)}",-3.3690470580739706,-3.4183651701128883,-3.3783090449727107,-3.4570804774888226,-3.444636272518078,3.413487604633294,0.03494813860018067,17.0,-2.682046662074049,-2.7103719924426932,-2.67201577445127,-2.7458214521708295,-2.7145372167495436,2.7049586195776767,0.026080698068736943,13.0,0.16460865481111953,0.15919570356455515,0.16361274481866195,0.15075487394567633,0.14624269319706162,0.1568829340674149,0.0072262557820629274,17.0,20000,20,5,rmse,FULL,False,,,,,,,,,,,,,,,,,,
FS-Primary,regression,phaseB,2.467798852920532,0.048614874821824,1.0619516849517823,0.012979089603032826,31.500084082620997,3.3807082188933144,0.001666094911139594,"{'model__C': np.float64(31.500084082620997), 'model__epsilon': np.float64(3.3807082188933144), 'model__gamma': np.float64(0.001666094911139594)}",-3.364992639813429,-3.417125650789885,-3.37774747721604,-3.4538216863689,-3.443905020726315,3.4115184949829143,0.03514263532427074,2.0,-2.6800926950435127,-2.7112691707528107,-2.6731210035739976,-2.744146443892426,-2.715346836517469,2.7047952299560434,0.025749711442033724,8.0,0.16661811792575332,0.15980535418276165,0.1638907827783722,0.1523551884919775,0.14660513802101593,0.1578549162799761,0.007400460959987459,2.0,20000,20,5,rmse,FULL,False,,,,,,,,,,,,,,,,,,
FS-Primary,regression,phaseB,2.3871654987335207,0.01574679315236124,1.0695648670196534,0.010263416403543,19.2709046837867,3.345957047771278,0.00017814590109505079,"{'model__C': np.float64(19.2709046837867), 'model__epsilon': np.float64(3.345957047771278), 'model__gamma': np.float64(0.00017814590109505079)}",-3.366021546960219,-3.4186619474983204,-3.3756442745806363,-3.4536965653121867,-3.443593758866791,3.4115236186436304,0.03525839735822608,3.0,-2.6802550465847816,-2.71213115856617,-2.672122250883501,-2.744638037846754,-2.716618949902746,2.7051530887567905,0.026268495919372987,15.0,0.1661083969485534,0.15904970246735017,0.164931689264863,0.15241660237091337,0.14675939155948226,0.15785315652223245,0.007379892744106825,3.0,20000,20,5,rmse,FULL,False,,,,,,,,,,,,,,,,,,
FS-Primary,regression,phaseB,4.879303693771362,0.04727728796779489,2.0875757217407225,0.027114554045597334,6.323327450394153,1.6174455422336032,0.0003435239307069847,"{'model__C': np.float64(6.323327450394153), 'model__epsilon': np.float64(1.6174455422336032), 'model__gamma': np.float64(0.0003435239307069847)}",-3.369704255853022,-3.4196943341655976,-3.377220730847624,-3.4555701867250805,-3.4440131096689184,3.4132405234520484,0.03456366931831483,16.0,-2.6811793072411048,-2.711535571882518,-2.6714679823867407,-2.7441108859858385,-2.715755673883018,2.704809884275844,0.025998848097150053,10.0,0.1642827045495434,0.15854171602226408,0.1641515383002442,0.15149672934235958,0.14655156860185825,0.1570048513632539,0.007014481632214872,16.0,20000,20,5,rmse,FULL,False,,,,,,,,,,,,,,,,,,
FS-Primary,classification,phaseB,9.865119028091431,0.25811412583964155,3.19003849029541,0.017790968688467693,0.004868851791704172,,0.023280593068526662,"{'model__C': np.float64(0.004868851791704172), 'model__class_weight': 'balanced', 'model__gamma': np.float64(0.023280593068526662)}",,,,,,,,,,,,,,,,,,,,,,,,,20000,20,5,pr_auc,FULL,True,C_low,balanced,0.26840150292177956,0.26018528932068485,0.25806574582452657,0.23086226573698043,0.22973226667848262,0.24944941409649082,0.016018301074462112,20.0,0.7201896475926075,0.7241086587436333,0.7087605140499039,0.6953325396134004,0.6847357733944441,0.7066254266787977,0.014838438662438964,17.0
FS-Primary,classification,phaseB,9.197505664825439,0.044814492993720534,2.975648546218872,0.010657018300772562,0.02205429207754213,,0.00877155496535189,"{'model__C': np.float64(0.02205429207754213), 'model__class_weight': 'balanced', 'model__gamma': np.float64(0.00877155496535189)}",,,,,,,,,,,,,,,,,,,,,,,,,20000,20,5,pr_auc,FULL,True,C_low,balanced,0.2691532369229395,0.26107108618959207,0.26199058474514547,0.2305061141575855,0.23180517362078362,0.25090523912720925,0.01637165574640457,9.0,0.719650434406659,0.7237613277274593,0.7097478571133636,0.6956368392523545,0.6844351984766013,0.7066463313952875,0.014739013529658972,14.0
FS-Primary,classification,phaseB,10.182948684692382,0.0842698209127209,3.419376850128174,0.025636034262063283,0.001933547245690348,,0.0025707276259731215,"{'model__C': np.float64(0.001933547245690348), 'model__class_weight': 'balanced', 'model__gamma': np.float64(0.0025707276259731215)}",,,,,,,,,,,,,,,,,,,,,,,,,20000,20,5,pr_auc,FULL,True,C_low,balanced,0.2689783905486713,0.26080221543956944,0.26336282291890806,0.23127875723837077,0.23074185861411736,0.2510328089519274,0.01656176120529128,6.0,0.7197506260459399,0.7239945009970585,0.7104358397030928,0.6959272245937025,0.6839172380626216,0.7068050858804831,0.014956114598744075,6.0
FS-Primary,classification,phaseB,10.293866729736328,0.03782346948676731,3.445119524002075,0.0396163304574366,0.0012782211009322649,,0.018416196964518534,"{'model__C': np.float64(0.0012782211009322649), 'model__class_weight': 'balanced', 'model__gamma': np.float64(0.018416196964518534)}",,,,,,,,,,,,,,,,,,,,,,,,,20000,20,5,pr_auc,FULL,True,C_low,balanced,0.268746015650959,0.2599972770810941,0.26133988633159044,0.23119719002346945,0.22932717528820326,0.2501215088750633,0.016497207014401903,16.0,0.7198119554736211,0.7239471376766713,0.7095401871701267,0.6957021759541577,0.6841491968881084,0.706630130632537,0.014878980096993797,16.0
FS-Primary,classification,phaseB,9.332085371017456,0.11862964223107111,3.0612896919250487,0.020687000362045137,0.012684678490762788,,0.011880214599369455,"{'model__C': np.float64(0.012684678490762788), 'model__class_weight': 'balanced', 'model__gamma': np.float64(0.011880214599369455)}",,,,,,,,,,,,,,,,,,,,,,,,,20000,20,5,pr_auc,FULL,True,C_low,balanced,0.2690355811533083,0.25998950877055016,0.2614778802151988,0.23045826169536254,0.23107012960589057,0.2504062722880621,0.016329602645502525,14.0,0.7197712715958525,0.7238815576945964,0.709570548272939,0.6954499036888618,0.6845706089951447,0.7066487780494789,0.014768653345157366,13.0
FS-Primary,classification,phaseB,10.413753366470337,0.06639788399084157,3.4325494289398195,0.022596509440538683,0.0010908889436968962,,0.024553181822830616,"{'model__C': np.float64(0.0010908889436968962), 'model__class_weight': 'balanced', 'model__gamma': np.float64(0.024553181822830616)}",,,,,,,,,,,,,,,,,,,,,,,,,20000,20,5,pr_auc,FULL,True,C_low,balanced,0.26828435615958884,0.2600322743474882,0.2595610213076312,0.23152646445713335,0.22926166060811476,0.24973315537599125,0.016108206250968524,18.0,0.7198550682396146,0.7238991671342275,0.7091722106040402,0.6956017510236083,0.6842475668612206,0.7065551527725422,0.01484693218390633,19.0
FS-Primary,classification,phaseB,9.590931129455566,0.21254951803295596,3.1366055488586424,0.01859565516615243,0.03371750957475295,,0.0030053960536548107,"{'model__C': np.float64(0.03371750957475295), 'model__class_weight': 'balanced', 'model__gamma': np.float64(0.0030053960536548107)}",,,,,,,,,,,,,,,,,,,,,,,,,20000,20,5,pr_auc,FULL,True,C_low,balanced,0.2695804755055352,0.2604012174438375,0.26198101460643963,0.23095033416968525,0.23097289517002714,0.250777187379105,0.016474376720730963,12.0,0.7199467587701082,0.7240145393249148,0.7101716981086249,0.6955557733445615,0.6844036229296764,0.7068184784955771,0.014890094762258261,3.0
FS-Primary,classification,phaseB,10.464056921005248,0.062335722681736615,3.420922803878784,0.0055407606489812685,0.0021563508225362184,,0.002773709543291908,"{'model__C': np.float64(0.0021563508225362184), 'model__class_weight': 'balanced', 'model__gamma': np.float64(0.002773709543291908)}",,,,,,,,,,,,,,,,,,,,,,,,,20000,20,5,pr_auc,FULL,True,C_low,balanced,0.26898607526369744,0.2607896723194991,0.26381242145159023,0.23129903148042907,0.23071255158576953,0.2511199504201971,0.016632086545111443,2.0,0.7197573054885588,0.7239938937750025,0.7104230880399116,0.6959254096853191,0.6839281680596341,0.7068055730096853,0.014953432857662903,5.0
FS-Primary,classification,phaseB,10.426608085632324,0.07279195528724244,3.443239116668701,0.02826005289212273,0.0036174509852314497,,0.007146438339306883,"{'model__C': np.float64(0.0036174509852314497), 'model__class_weight': 'balanced', 'model__gamma': np.float64(0.007146438339306883)}",,,,,,,,,,,,,,,,,,,,,,,,,20000,20,5,pr_auc,FULL,True,C_low,balanced,0.2690273976236132,0.2610136272935447,0.2625523085301484,0.2308313595929924,0.23072153758637465,0.2508292461253347,0.016592528067350367,11.0,0.7197973821442712,0.7239732482250899,0.7102281697598558,0.6958594680140547,0.6840028563725525,0.7067722249031647,0.014933223935460845,12.0
FS-Primary,classification,phaseB,10.288111066818237,0.06811451304742612,3.4309175968170167,0.02155883141283757,0.0062056436987864075,,0.003740199542704349,"{'model__C': np.float64(0.0062056436987864075), 'model__class_weight': 'balanced', 'model__gamma': np.float64(0.003740199542704349)}",,,,,,,,,,,,,,,,,,,,,,,,,20000,20,5,pr_auc,FULL,True,C_low,balanced,0.26899717650457866,0.26115672930106976,0.26346419278106126,0.23129880705100342,0.23080615639166663,0.25114461240587593,0.016602634570858806,1.0,0.71975062604594,0.7239750698912586,0.7103660091666242,0.6959387190134642,0.6839384908345902,0.7067937829903754,0.014940107060261653,8.0
FS-Primary,classification,phaseB,10.459658527374268,0.0828136163298853,3.4419090270996096,0.022735260502233186,0.013273567076417298,,0.0024557677434950374,"{'model__C': np.float64(0.013273567076417298), 'model__class_weight': 'balanced', 'model__gamma': np.float64(0.0024557677434950374)}",,,,,,,,,,,,,,,,,,,,,,,,,20000,20,5,pr_auc,FULL,True,C_low,balanced,0.26897369980266617,0.26042603824799726,0.2634635486597705,0.231066625970915,0.23097421287287934,0.2509808251108457,0.016526426345134737,7.0,0.7199145760011271,0.7240260765439835,0.7105220652350799,0.6957433138775154,0.684042933028265,0.7068497929371942,0.014984696158994419,2.0
FS-Primary,classification,phaseB,10.550511503219605,0.05271369773928853,3.452066421508789,0.02437558346797909,0.003437153058710961,,0.004606420305360267,"{'model__C': np.float64(0.003437153058710961), 'model__class_weight': 'balanced', 'model__gamma': np.float64(0.004606420305360267)}",,,,,,,,,,,,,,,,,,,,,,,,,20000,20,5,pr_auc,FULL,True,C_low,balanced,0.26891803081186316,0.26082518258353105,0.26352967471184635,0.23123220229851585,0.23088027773158662,0.2510770736274686,0.016553683202018315,3.0,0.7197694499296837,0.723931957125265,0.7103125736256743,0.6959223848380134,0.6839591363845027,0.7067791003806277,0.01492698320652808,9.0
FS-Primary,classification,phaseB,9.79146900177002,0.04235732386914382,3.2093536853790283,0.011423482216483519,0.006871720969536974,,0.014711806717908942,"{'model__C': np.float64(0.006871720969536974), 'model__class_weight': 'balanced', 'model__gamma': np.float64(0.014711806717908942)}",,,,,,,,,,,,,,,,,,,,,,,,,20000,20,5,pr_auc,FULL,True,C_low,balanced,0.26916540530067234,0.25956252406017405,0.2616368913597868,0.23056360663020203,0.23002838572719753,0.2501913626156066,0.01655673598807327,15.0,0.7199910859802143,0.7240121104366899,0.7094102416500896,0.6951958165151823,0.6846191867596445,0.706645688268364,0.014856657405313774,15.0
FS-Primary,classification,phaseB,10.4678297996521,0.06882719556804981,3.4517654895782472,0.01498572052895294,0.0023252996437229377,,0.00694096586523302,"{'model__C': np.float64(0.0023252996437229377), 'model__class_weight': 'balanced', 'model__gamma': np.float64(0.00694096586523302)}",,,,,,,,,,,,,,,,,,,,,,,,,20000,20,5,pr_auc,FULL,True,C_low,balanced,0.2690095304952025,0.2609419806507192,0.26264739397045894,0.23085617242198508,0.230786898744392,0.25084839525655156,0.016571519460152482,10.0,0.7197937388119335,0.7239738554471461,0.7102348492024746,0.6958679375865107,0.6839967841519901,0.7067734330400108,0.014933652338811835,11.0
FS-Primary,classification,phaseB,10.652589082717896,0.09521816628322312,3.461913537979126,0.038241646913895824,0.012226742695104901,,0.001897369065879284,"{'model__C': np.float64(0.012226742695104901), 'model__class_weight': 'balanced', 'model__gamma': np.float64(0.001897369065879284)}",,,,,,,,,,,,,,,,,,,,,,,,,20000,20,5,pr_auc,FULL,True,C_low,balanced,0.26886207266467843,0.2609447022385539,0.2635818035182024,0.23118064669101476,0.2307256837811747,0.2510589817787248,0.016613788199797183,4.0,0.7197390888268713,0.7239963226632273,0.7104789524690863,0.6959375090745419,0.6838820191833593,0.7068067784434173,0.014965931632600639,4.0
FS-Primary,classification,phaseB,10.422774934768677,0.11036326544786663,3.4307796001434325,0.022223032810539212,0.013034090058171561,,0.0026764026449414336,"{'model__C': np.float64(0.013034090058171561), 'model__class_weight': 'balanced', 'model__gamma': np.float64(0.0026764026449414336)}",,,,,,,,,,,,,,,,,,,,,,,,,20000,20,5,pr_auc,FULL,True,C_low,balanced,0.2689168657731744,0.26043030312406107,0.26330776940667994,0.23132752664868195,0.23085253625037222,0.25096700024059393,0.016458110112001996,8.0,0.7199194337775771,0.7240412570953898,0.7105323880100363,0.695800785976324,0.6839931408196526,0.7068574011357959,0.014996201315599205,1.0
FS-Primary,classification,phaseB,10.555006885528565,0.16155548234564546,3.4861114501953123,0.014883237564384469,0.0013164213984484814,,0.02316284933112813,"{'model__C': np.float64(0.0013164213984484814), 'model__class_weight': 'balanced', 'model__gamma': np.float64(0.02316284933112813)}",,,,,,,,,,,,,,,,,,,,,,,,,20000,20,5,pr_auc,FULL,True,C_low,balanced,0.2680483933566603,0.26064603339512404,0.26034284684513564,0.23153005812626049,0.22916527070527687,0.2499465204856915,0.01625587529467562,17.0,0.7198611404601771,0.7239337787914337,0.7092578289139712,0.6956259498020539,0.6842135624260708,0.7065784520787414,0.014865811995748919,18.0
FS-Primary,classification,phaseB,8.782875776290894,0.1183840233157861,2.777647924423218,0.02002739851356206,0.05919836917726165,,0.015690159061289056,"{'model__C': np.float64(0.05919836917726165), 'model__class_weight': 'balanced', 'model__gamma': np.float64(0.015690159061289056)}",,,,,,,,,,,,,,,,,,,,,,,,,20000,20,5,pr_auc,FULL,True,C_low,balanced,0.2681448305687107,0.2599320822892439,0.2578049452113971,0.2302731437741551,0.23131584143144102,0.2494941686549895,0.01565736641930997,19.0,0.7201331759413763,0.7245264275183321,0.707742809883632,0.6948836522732333,0.6845505706672885,0.7063673272567724,0.015026570626632867,20.0
FS-Primary,classification,phaseB,10.632909870147705,0.07986037897335081,3.466783952713013,0.029151845807891662,0.0036231352821935155,,0.0021868998246675903,"{'model__C': np.float64(0.0036231352821935155), 'model__class_weight': 'balanced', 'model__gamma': np.float64(0.0021868998246675903)}",,,,,,,,,,,,,,,,,,,,,,,,,20000,20,5,pr_auc,FULL,True,C_low,balanced,0.26883097711878073,0.2609352081907843,0.26357503901232,0.23122264269010206,0.23071658559189087,0.2510560905207756,0.01659716086834093,5.0,0.7197366599386462,0.7240011804396773,0.7104528419206677,0.6959344842272362,0.683895985290653,0.7068042303633761,0.014961512398940087,7.0
FS-Primary,classification,phaseB,9.62450909614563,0.11139278375117717,3.1965837478637695,0.01644292655996556,0.01802325786687513,,0.005652184876284605,"{'model__C': np.float64(0.01802325786687513), 'model__class_weight': 'balanced', 'model__gamma': np.float64(0.005652184876284605)}",,,,,,,,,,,,,,,,,,,,,,,,,20000,20,5,pr_auc,FULL,True,C_low,balanced,0.26966358911374905,0.26028083418816966,0.2620835971953288,0.23082297485246306,0.2309082236883722,0.25075184380761656,0.016539609912601852,13.0,0.7200767042901453,0.724044293205671,0.7099190937332256,0.6954656328948515,0.6843847990459327,0.7067781046339652,0.01492830857892467,10.0
FS-PM25,regression,phaseB,0.9224428176879883,0.03590833922384133,0.4343414306640625,0.031544294207687534,2.464817143191859,5.0696415754196185,0.008334513096042289,"{'model__C': np.float64(2.464817143191859), 'model__epsilon': np.float64(5.0696415754196185), 'model__gamma': np.float64(0.008334513096042289)}",-3.365397660097849,-3.41827940846027,-3.3761756105830485,-3.4525916852563174,-3.444861514967582,3.4114611758730136,0.03527239246996819,15.0,-2.6822277470236897,-2.713772661401307,-2.6737618235830003,-2.745677531054485,-2.719441571226652,2.7069762668578266,0.02613446428857872,16.0,0.16641748932624034,0.15923789207154715,0.1646687843247453,0.15295882035596187,0.14613103631423618,0.15788280447854616,0.007524311329740929,15.0,20000,20,5,rmse,FULL,True,eps_high,,,,,,,,,,,,,,,,,
FS-PM25,regression,phaseB,3.4076544284820556,0.043632688902423986,1.4793169975280762,0.010023542157649293,4.588282062532573,2.1614942431156696,0.0016877488468726083,"{'model__C': np.float64(4.588282062532573), 'model__epsilon': np.float64(2.1614942431156696), 'model__gamma': np.float64(0.0016877488468726083)}",-3.366533803294896,-3.4170307844293655,-3.376768160926028,-3.4516062040505076,-3.4427713789633394,3.410942066332827,0.03418683771193654,7.0,-2.6781358035821934,-2.71043020759684,-2.670777132100446,-2.7412630588884377,-2.7133832828846356,2.70279789701051,0.025625844278689174,6.0,0.165854566868038,0.15985200456083903,0.16437554173793478,0.15344229718023694,0.14716687524757988,0.15813825711892573,0.0069829126554769826,7.0,20000,20,5,rmse,FULL,True,eps_high,,,,,,,,,,,,,,,,,
FS-PM25,regression,phaseB,1.0539659023284913,0.02814835414697182,0.4773388385772705,0.011015881848283088,1.0250218013604553,4.760278586722303,0.005798107969735005,"{'model__C': np.float64(1.0250218013604553), 'model__epsilon': np.float64(4.760278586722303), 'model__gamma': np.float64(0.005798107969735005)}",-3.3663891117416918,-3.4194349541816935,-3.3768751976593894,-3.453437215865868,-3.444544890364841,3.412136273962697,0.03505853193010866,19.0,-2.6832758536586336,-2.7147810442718514,-2.6754005025154943,-2.746735739801344,-2.720918979468499,2.7082224239431643,0.026027306492915667,19.0,0.16592626744298977,0.15866935851749098,0.16432256568175307,0.1525438932473484,0.14628799095276057,0.15755001516846856,0.007337253141042986,19.0,20000,20,5,rmse,FULL,True,eps_high,,,,,,,,,,,,,,,,,
FS-PM25,regression,phaseB,4.020812702178955,0.020910228001371076,1.7591655731201172,0.014293060828187572,6.214379977169495,1.66588005055593,0.016119795769047825,"{'model__C': np.float64(6.214379977169495), 'model__epsilon': np.float64(1.66588005055593), 'model__gamma': np.float64(0.016119795769047825)}",-3.366536771512314,-3.4181278285063694,-3.376613750445754,-3.4521522815349464,-3.4426518562099306,3.4112164976418624,0.03436659629958204,12.0,-2.67699764177969,-2.711188404508395,-2.6694326160978203,-2.740820734959773,-2.7122441192274365,2.702136703314623,0.026007987968315712,1.0,0.1658530959628043,0.15931245581586295,0.16445196168606413,0.1531744087581386,0.14722608986431995,0.158003602417438,0.0069912069290820845,12.0,20000,20,5,rmse,FULL,True,eps_high,,,,,,,,,,,,,,,,,
FS-PM25,regression,phaseB,3.1159787654876707,0.03479730986528996,1.3608381271362304,0.0035343242006748675,8.773124301904318,2.367596065844326,0.0018130541580523788,"{'model__C': np.float64(8.773124301904318), 'model__epsilon': np.float64(2.367596065844326), 'model__gamma': np.float64(0.0018130541580523788)}",-3.3654371143207413,-3.4169088848871434,-3.3761918758930873,-3.451526845192707,-3.442772756206102,3.4105674952999565,0.03456441780936329,4.0,-2.677489990867115,-2.710582794006831,-2.670737465639697,-2.741443161396034,-2.7134645913009736,2.7027436006421306,0.025830935253389514,5.0,0.16639794421075593,0.1599119465606309,0.1646607356000912,0.15348122461058022,0.1471661929144512,0.1583236087793019,0.007152810624205095,4.0,20000,20,5,rmse,FULL,True,eps_high,,,,,,,,,,,,,,,,,
FS-PM25,regression,phaseB,2.6944626808166503,0.045363631026268975,1.1976826190948486,0.003921911427338049,1.450890041096735,2.7039107840688805,0.004691820690978756,"{'model__C': np.float64(1.450890041096735), 'model__epsilon': np.float64(2.7039107840688805), 'model__gamma': np.float64(0.004691820690978756)}",-3.365100068391857,-3.4169800230107605,-3.3759951952594744,-3.451627301794082,-3.4425700959874614,3.4104545368887274,0.03468043169702446,3.0,-2.6781742813533174,-2.7113496899503278,-2.6719944965025615,-2.742694105050906,-2.7152521007834127,2.703892934728105,0.02595813615410976,11.0,0.1665649050545317,0.15987696587374867,0.16475805842789526,0.15343194807847715,0.14726659477715365,0.15837969444236127,0.007181980226747489,3.0,20000,20,5,rmse,FULL,True,eps_high,,,,,,,,,,,,,,,,,
FS-PM25,regression,phaseB,2.7045257568359373,0.058318655564997136,1.2219923496246339,0.0035942329383538106,2.8900615551414504,2.6562900133745178,0.005973322979101061,"{'model__C': np.float64(2.8900615551414504), 'model__epsilon': np.float64(2.6562900133745178), 'model__gamma': np.float64(0.005973322979101061)}",-3.364948398243219,-3.4169083675007634,-3.3755928945962665,-3.4515551542181644,-3.4426646411668154,3.410333891145046,0.034797912215560764,2.0,-2.677652939341029,-2.7111699773458477,-2.6712065372488576,-2.742347172110407,-2.714345864283695,2.703344498065967,0.026062929545360894,9.0,0.16664003172148334,0.15991220097191228,0.16495710987600176,0.15346733845473493,0.14721975596918702,0.15843928739866386,0.007245713953595757,2.0,20000,20,5,rmse,FULL,True,eps_high,,,,,,,,,,,,,,,,,
FS-PM25,regression,phaseB,2.7400135040283202,0.045216803193644635,1.2094270706176757,0.004664029583853693,1.284578975077121,2.6596402683746128,0.003024233481615701,"{'model__C': np.float64(1.284578975077121), 'model__epsilon': np.float64(2.6596402683746128), 'model__gamma': np.float64(0.003024233481615701)}",-3.3660328659353667,-3.4174731873304127,-3.3768053670243323,-3.451878074266658,-3.4426606127233166,3.4109700214560172,0.03437040903085875,9.0,-2.67899687921993,-2.711609895919029,-2.6726023989961534,-2.7427847696413545,-2.7158134740132396,2.7043614835579417,0.02573728457323768,12.0,0.16610278865753714,0.15963444259263038,0.1643571273869705,0.15330893150859082,0.14722175173431562,0.1581250083760089,0.007026212052435447,9.0,20000,20,5,rmse,FULL,True,eps_high,,,,,,,,,,,,,,,,,
FS-PM25,regression,phaseB,1.2558230400085448,0.005970584452418166,0.5508049964904785,0.00787342279838265,3.0899855321044947,4.463862637555604,0.0019050347053228256,"{'model__C': np.float64(3.0899855321044947), 'model__epsilon': np.float64(4.463862637555604), 'model__gamma': np.float64(0.0019050347053228256)}",-3.3658361658435703,-3.418288211656822,-3.376646600150998,-3.4523292809963344,-3.4434583550789326,3.4113117227453316,0.034739644364339135,13.0,-2.681612929866223,-2.7131249903878687,-2.6748226607680223,-2.7443570373278345,-2.718417637426847,2.7064670511553586,0.025463269653552754,14.0,0.1662002463306672,0.15923356158668311,0.1644357041912382,0.15308756930040246,0.14682648991488656,0.1579567142647755,0.007199360210949203,13.0,20000,20,5,rmse,FULL,True,eps_high,,,,,,,,,,,,,,,,,
FS-PM25,regression,phaseB,1.7184533596038818,0.04790176120030931,0.7621168613433837,0.006712867569268274,3.630725601321237,3.7584623774727985,0.0012456716225692443,"{'model__C': np.float64(3.630725601321237), 'model__epsilon': np.float64(3.7584623774727985), 'model__gamma': np.float64(0.0012456716225692443)}",-3.3659037525692748,-3.41803247658583,-3.3764775763595534,-3.451971002791222,-3.4429819050771626,3.411073342676608,0.03457271588873456,11.0,-2.6797922935182097,-2.7119550303806546,-2.6728989033711104,-2.7431093170312106,-2.7169504174823933,2.7049411923567157,0.025727015176034315,13.0,0.1661667602319592,0.1593593587158405,0.164519353282918,0.1532633431018363,0.1470625702483258,0.15807427711617597,0.007114513317521134,11.0,20000,20,5,rmse,FULL,True,eps_high,,,,,,,,,,,,,,,,,
FS-PM25,regression,phaseB,3.277200698852539,0.02226656096635712,1.447179365158081,0.007797654658209027,4.702733420885747,2.214576302335093,0.0013116006518353015,"{'model__C': np.float64(4.702733420885747), 'model__epsilon': np.float64(2.214576302335093), 'model__gamma': np.float64(0.0013116006518353015)}",-3.3664708425506467,-3.417279771367079,-3.3768894482616014,-3.451668138568756,-3.4428012864070348,3.4110218974310236,0.03420826814023894,10.0,-2.678216601705009,-2.710545625847064,-2.6709974457220316,-2.7413261976247805,-2.713505597780717,2.7029182937359204,0.025591203216427133,7.0,0.16588576686735623,0.1597295628790838,0.16431551245584142,0.1534119161861155,0.14715205801655384,0.15809896328099016,0.006982002493889659,10.0,20000,20,5,rmse,FULL,True,eps_high,,,,,,,,,,,,,,,,,
FS-PM25,regression,phaseB,0.9108214855194092,0.017253619587631237,0.3970076084136963,0.004073975974587066,12.1161739877322,5.124232217928038,0.010300993226738409,"{'model__C': np.float64(12.1161739877322), 'model__epsilon': np.float64(5.124232217928038), 'model__gamma': np.float64(0.010300993226738409)}",-3.364936194099655,-3.4183522990525286,-3.3762493565913787,-3.452602854727474,-3.445199290792253,3.4114679990526584,0.03544807929718491,16.0,-2.681505052488281,-2.7137812756303474,-2.6733864554367237,-2.745574373264795,-2.7187733746682516,2.7066041062976796,0.026274167505900156,15.0,0.1666460766440473,0.15920203525934917,0.16463229154552583,0.15295333982528214,0.14596358085512706,0.1578794648258663,0.007621789059708252,16.0,20000,20,5,rmse,FULL,True,eps_high,,,,,,,,,,,,,,,,,
FS-PM25,regression,phaseB,3.757968282699585,0.05606374571038854,1.595930290222168,0.0014253147974618277,2.0304158311122165,1.9479781734166663,0.007300798476989889,"{'model__C': np.float64(2.0304158311122165), 'model__epsilon': np.float64(1.9479781734166663), 'model__gamma': np.float64(0.007300798476989889)}",-3.366502970477429,-3.4176406084705273,-3.37649504313752,-3.451639401629575,-3.442550504556025,3.4109657056542155,0.03423934808757868,8.0,-2.677544513386111,-2.710760568193608,-2.669917886955804,-2.7410558759122896,-2.7128191531631694,2.7024195995221967,0.025867414086555646,2.0,0.16586984604692512,0.15955210198696823,0.1645107092493845,0.1534260127029451,0.14727630044474427,0.15812699408619343,0.006965217681675792,8.0,20000,20,5,rmse,FULL,True,eps_high,,,,,,,,,,,,,,,,,
FS-PM25,regression,phaseB,3.510705041885376,0.058811859296680216,1.544630193710327,0.005404894852501847,2.9565816533573006,2.0371447215046152,0.004322391626789037,"{'model__C': np.float64(2.9565816533573006), 'model__epsilon': np.float64(2.0371447215046152), 'model__gamma': np.float64(0.004322391626789037)}",-3.366342853740982,-3.417444372615291,-3.3766205838379615,-3.4515529148995485,-3.4426572018335064,3.410923585385458,0.03424740295221668,6.0,-2.6777671411859596,-2.7106406967051897,-2.6702022986344263,-2.7412046449431853,-2.7128925357512674,2.702541463444006,0.025796017153407198,3.0,0.16594918952177973,0.15964861375987704,0.16444857981673977,0.15346843689045342,0.14722344155014322,0.15814765230779865,0.0069864439202541925,6.0,20000,20,5,rmse,FULL,True,eps_high,,,,,,,,,,,,,,,,,
FS-PM25,regression,phaseB,1.0141117095947265,0.008706651810550518,0.44045491218566896,0.004384316033191365,0.9598455813279785,4.918162741937269,0.0022442635076465565,"{'model__C': np.float64(0.9598455813279785), 'model__epsilon': np.float64(4.918162741937269), 'model__gamma': np.float64(0.0022442635076465565)}",-3.3742638214026686,-3.4265390372698805,-3.382197744385828,-3.4592930129994093,-3.4478886564244804,3.418036454496454,0.03425203072413382,20.0,-2.690160219391479,-2.7200054047123996,-2.6808889413627597,-2.751504021973756,-2.726903006323193,2.713892318752717,0.025587979558496378,20.0,0.16201954700829224,0.1551698964544469,0.1616861415962313,0.1496674903645796,0.14462971743411934,0.15463455857153388,0.006772268110043715,20.0,20000,20,5,rmse,FULL,True,eps_high,,,,,,,,,,,,,,,,,
FS-PM25,regression,phaseB,2.6909807682037354,0.045850322475413714,1.1836070537567138,0.008676639370069706,5.477088848452732,2.731242589277131,0.004631226242413563,"{'model__C': np.float64(5.477088848452732), 'model__epsilon': np.float64(2.731242589277131), 'model__gamma': np.float64(0.004631226242413563)}",-3.364616381698794,-3.4169534622517896,-3.37561974081752,-3.45159133846486,-3.4427304969445816,3.4103022840355086,0.03490184423837314,1.0,-2.6777265030475146,-2.711358395488557,-2.6713690124533045,-2.7427823680012935,-2.71463760568703,2.7035747769355405,0.02617460839752381,10.0,0.1668044774209939,0.1598900266575629,0.16494382756617987,0.1534495891760168,0.1471871294724214,0.158455010058635,0.007292420745374413,1.0,20000,20,5,rmse,FULL,True,eps_high,,,,,,,,,,,,,,,,,
FS-PM25,regression,phaseB,3.2095818519592285,0.01932835224565286,1.4166889190673828,0.008471158246756238,3.9728140359574122,2.267017404119207,0.01610526688307233,"{'model__C': np.float64(3.9728140359574122), 'model__epsilon': np.float64(2.267017404119207), 'model__gamma': np.float64(0.01610526688307233)}",-3.3654587372454334,-3.417562261008507,-3.3760164790078915,-3.4518744427252166,-3.4425705301453853,3.410696490026487,0.034663740346555574,5.0,-2.67716202419476,-2.7111648228120395,-2.6701433523238935,-2.741606626244976,-2.7129200991660882,2.702599384948351,0.026084102887246118,4.0,0.16638723239427078,0.15959063512287175,0.16474752693459582,0.15331071302695232,0.14726637969308676,0.1582604974343555,0.007145147020247527,5.0,20000,20,5,rmse,FULL,True,eps_high,,,,,,,,,,,,,,,,,
FS-PM25,regression,phaseB,0.9302393436431885,0.038358868377405465,0.41739668846130373,0.0072043229914668695,7.484217262301689,5.028599532844479,0.013090348069250135,"{'model__C': np.float64(7.484217262301689), 'model__epsilon': np.float64(5.028599532844479), 'model__gamma': np.float64(0.013090348069250135)}",-3.36554000303259,-3.4184570354779695,-3.376527108870234,-3.4529075764901047,-3.445392069135179,3.4117647586012154,0.035346100303494776,17.0,-2.681999266604771,-2.7139993831168288,-2.6738191430674987,-2.7459504102308188,-2.7192677689599867,2.707007194395981,0.026239777646537347,17.0,0.16634697338594984,0.15915051130000912,0.16449484030650008,0.15280381498703943,0.14586800186648508,0.15773282836919672,0.0075763765160284475,17.0,20000,20,5,rmse,FULL,True,eps_high,,,,,,,,,,,,,,,,,
FS-PM25,regression,phaseB,0.9881758213043212,0.009243064927250823,0.42829532623291017,0.004017794020021996,4.578642936833909,4.964102838694699,0.0013996752747113068,"{'model__C': np.float64(4.578642936833909), 'model__epsilon': np.float64(4.964102838694699), 'model__gamma': np.float64(0.0013996752747113068)}",-3.366471084223779,-3.419325565452632,-3.3764362173756157,-3.452834485194501,-3.4445517011706115,3.4119238106834273,0.034981046644302745,18.0,-2.6834954851864223,-2.7144494304642808,-2.6743744029524668,-2.745723172993253,-2.7202131466191104,2.7076511276431066,0.02586247222435347,18.0,0.16588564710810927,0.1587231864854206,0.1645398210148864,0.15283968157774908,0.14628461490593225,0.15765459021841952,0.007331552120094987,18.0,20000,20,5,rmse,FULL,True,eps_high,,,,,,,,,,,,,,,,,
FS-PM25,regression,phaseB,3.9364999771118163,0.017742370797001604,1.7024612426757812,0.011812985518507377,1.50238190905452,1.7560590718950122,0.002699034606615292,"{'model__C': np.float64(1.50238190905452), 'model__epsilon': np.float64(1.7560590718950122), 'model__gamma': np.float64(0.002699034606615292)}",-3.367566371560256,-3.4176637690360683,-3.3772593215065707,-3.4519293192239813,-3.442813698156347,3.4114464958966444,0.033928286287397094,14.0,-2.678527978514181,-2.7106375549647836,-2.6707067214601943,-2.741024512841837,-2.7138386602324096,2.702947085602681,0.02554757934958758,8.0,0.16534279764652504,0.1595407109035798,0.1641324361273172,0.15328379216774435,0.14714590874852618,0.1578891291187385,0.006839439913803473,14.0,20000,20,5,rmse,FULL,True,eps_high,,,,,,,,,,,,,,,,,
FS-PM25,classification,phaseB,6.985322618484497,0.24026159144609252,2.2412314891815184,0.005846405976297386,801.4470723281515,,0.00033578623484796304,"{'model__C': np.float64(801.4470723281515), 'model__class_weight': 'balanced', 'model__gamma': np.float64(0.00033578623484796304)}",,,,,,,,,,,,,,,,,,,,,,,,,20000,20,5,pr_auc,FULL,True,C_high;gamma_low,balanced,0.26913371392987684,0.26015293095135406,0.26349197460308155,0.23202573686984215,0.2321148915766379,0.25138384958615856,0.016028664537917924,1.0,0.7211788123222358,0.7250434770992275,0.7111957781064873,0.6973113947207945,0.6857316175666912,0.7080922159630872,0.014727245660027692,1.0
FS-PM25,classification,phaseB,7.028767347335815,0.5130952992626936,2.2420382499694824,0.024382695348327682,3390.911905878375,,9.140115107239034e-05,"{'model__C': np.float64(3390.911905878375), 'model__class_weight': 'balanced', 'model__gamma': np.float64(9.140115107239034e-05)}",,,,,,,,,,,,,,,,,,,,,,,,,20000,20,5,pr_auc,FULL,True,C_high;gamma_low,balanced,0.26913371392987684,0.26015293095135406,0.26349197460308155,0.23202573686984215,0.2321148915766379,0.25138384958615856,0.016028664537917924,1.0,0.7211788123222358,0.7250434770992275,0.7111957781064873,0.6973113947207945,0.6857316175666912,0.7080922159630872,0.014727245660027692,1.0
FS-PM25,classification,phaseB,6.695233345031738,0.0882228154395715,2.266630220413208,0.034274787142680806,331.82844434280946,,1.7799119248870534e-05,"{'model__C': np.float64(331.82844434280946), 'model__class_weight': 'balanced', 'model__gamma': np.float64(1.7799119248870534e-05)}",,,,,,,,,,,,,,,,,,,,,,,,,20000,20,5,pr_auc,FULL,True,C_high;gamma_low,balanced,0.26913371392987684,0.26015293095135406,0.26349197460308155,0.23202573686984215,0.2321148915766379,0.25138384958615856,0.016028664537917924,1.0,0.7211788123222358,0.7250434770992275,0.7111957781064873,0.6973113947207945,0.6857316175666912,0.7080922159630872,0.014727245660027692,1.0
FS-PM25,classification,phaseB,6.629990911483764,0.2661288347329043,2.2461753845214845,0.04404028929170167,223.50200479604837,,0.00024567691058511036,"{'model__C': np.float64(223.50200479604837), 'model__class_weight': 'balanced', 'model__gamma': np.float64(0.00024567691058511036)}",,,,,,,,,,,,,,,,,,,,,,,,,20000,20,5,pr_auc,FULL,True,C_high;gamma_low,balanced,0.26913371392987684,0.26015293095135406,0.26349197460308155,0.23202573686984215,0.2321148915766379,0.25138384958615856,0.016028664537917924,1.0,0.7211788123222358,0.7250434770992275,0.7111957781064873,0.6973113947207945,0.6857316175666912,0.7080922159630872,0.014727245660027692,1.0
FS-PM25,classification,phaseB,7.214511871337891,0.27286975419159004,2.238047695159912,0.019693521441704488,1999.6306173718667,,0.00013695580305472192,"{'model__C': np.float64(1999.6306173718667), 'model__class_weight': 'balanced', 'model__gamma': np.float64(0.00013695580305472192)}",,,,,,,,,,,,,,,,,,,,,,,,,20000,20,5,pr_auc,FULL,True,C_high;gamma_low,balanced,0.26913371392987684,0.26015293095135406,0.26349197460308155,0.23202573686984215,0.2321148915766379,0.25138384958615856,0.016028664537917924,1.0,0.7211788123222358,0.7250434770992275,0.7111957781064873,0.6973113947207945,0.6857316175666912,0.7080922159630872,0.014727245660027692,1.0
FS-PM25,classification,phaseB,7.060807228088379,0.496508368354588,2.24397988319397,0.018176880679867745,192.1161242578321,,0.0003604749580742288,"{'model__C': np.float64(192.1161242578321), 'model__class_weight': 'balanced', 'model__gamma': np.float64(0.0003604749580742288)}",,,,,,,,,,,,,,,,,,,,,,,,,20000,20,5,pr_auc,FULL,True,C_high;gamma_low,balanced,0.26913371392987684,0.26015293095135406,0.26349197460308155,0.23202573686984215,0.2321148915766379,0.25138384958615856,0.016028664537917924,1.0,0.7211788123222358,0.7250434770992275,0.7111957781064873,0.6973113947207945,0.6857316175666912,0.7080922159630872,0.014727245660027692,1.0
FS-PM25,classification,phaseB,7.239027500152588,0.2946004419720507,2.255319690704346,0.010076103086401405,5085.7373792413955,,2.192004511170327e-05,"{'model__C': np.float64(5085.7373792413955), 'model__class_weight': 'balanced', 'model__gamma': np.float64(2.192004511170327e-05)}",,,,,,,,,,,,,,,,,,,,,,,,,20000,20,5,pr_auc,FULL,True,C_high;gamma_low,balanced,0.26913371392987684,0.26015293095135406,0.26349197460308155,0.23202573686984215,0.2321148915766379,0.25138384958615856,0.016028664537917924,1.0,0.7211788123222358,0.7250434770992275,0.7111957781064873,0.6973113947207945,0.6857316175666912,0.7080922159630872,0.014727245660027692,1.0
FS-PM25,classification,phaseB,6.891243839263916,0.14981032983661896,2.2631290912628175,0.02093457322602402,368.24721887270437,,1.969683034154901e-05,"{'model__C': np.float64(368.24721887270437), 'model__class_weight': 'balanced', 'model__gamma': np.float64(1.969683034154901e-05)}",,,,,,,,,,,,,,,,,,,,,,,,,20000,20,5,pr_auc,FULL,True,C_high;gamma_low,balanced,0.26913371392987684,0.26015293095135406,0.26349197460308155,0.23202573686984215,0.2321148915766379,0.25138384958615856,0.016028664537917924,1.0,0.7211788123222358,0.7250434770992275,0.7111957781064873,0.6973113947207945,0.6857316175666912,0.7080922159630872,0.014727245660027692,1.0
FS-PM25,classification,phaseB,7.032800626754761,0.6066553073757596,2.2451900959014894,0.018139683980520082,603.4997088935573,,6.955461224565201e-05,"{'model__C': np.float64(603.4997088935573), 'model__class_weight': 'balanced', 'model__gamma': np.float64(6.955461224565201e-05)}",,,,,,,,,,,,,,,,,,,,,,,,,20000,20,5,pr_auc,FULL,True,C_high;gamma_low,balanced,0.26913371392987684,0.26015293095135406,0.26349197460308155,0.23202573686984215,0.2321148915766379,0.25138384958615856,0.016028664537917924,1.0,0.7211788123222358,0.7250434770992275,0.7111957781064873,0.6973113947207945,0.6857316175666912,0.7080922159630872,0.014727245660027692,1.0
FS-PM25,classification,phaseB,6.912521886825561,0.2568060285932322,2.2633986473083496,0.002475353439333998,1010.3632696107112,,2.934092160740868e-05,"{'model__C': np.float64(1010.3632696107112), 'model__class_weight': 'balanced', 'model__gamma': np.float64(2.934092160740868e-05)}",,,,,,,,,,,,,,,,,,,,,,,,,20000,20,5,pr_auc,FULL,True,C_high;gamma_low,balanced,0.26913371392987684,0.26015293095135406,0.26349197460308155,0.23202573686984215,0.2321148915766379,0.25138384958615856,0.016028664537917924,1.0,0.7211788123222358,0.7250434770992275,0.7111957781064873,0.6973113947207945,0.6857316175666912,0.7080922159630872,0.014727245660027692,1.0
FS-PM25,classification,phaseB,7.076955509185791,0.3221561692027958,2.244637107849121,0.018999927228026996,2088.1804860402954,,1.674603773123286e-05,"{'model__C': np.float64(2088.1804860402954), 'model__class_weight': 'balanced', 'model__gamma': np.float64(1.674603773123286e-05)}",,,,,,,,,,,,,,,,,,,,,,,,,20000,20,5,pr_auc,FULL,True,C_high;gamma_low,balanced,0.26913371392987684,0.26015293095135406,0.26349197460308155,0.23202573686984215,0.2321148915766379,0.25138384958615856,0.016028664537917924,1.0,0.7211788123222358,0.7250434770992275,0.7111957781064873,0.6973113947207945,0.6857316175666912,0.7080922159630872,0.014727245660027692,1.0
FS-PM25,classification,phaseB,6.975346660614013,0.18600896524262783,2.246019172668457,0.020358762822972935,574.7459251824482,,3.873244312657381e-05,"{'model__C': np.float64(574.7459251824482), 'model__class_weight': 'balanced', 'model__gamma': np.float64(3.873244312657381e-05)}",,,,,,,,,,,,,,,,,,,,,,,,,20000,20,5,pr_auc,FULL,True,C_high;gamma_low,balanced,0.26913371392987684,0.26015293095135406,0.26349197460308155,0.23202573686984215,0.2321148915766379,0.25138384958615856,0.016028664537917924,1.0,0.7211788123222358,0.7250434770992275,0.7111957781064873,0.6973113947207945,0.6857316175666912,0.7080922159630872,0.014727245660027692,1.0
FS-PM25,classification,phaseB,7.21660852432251,0.6687343359928032,2.2594416618347166,0.02546525905292606,1113.6707433435727,,0.00018211464298037712,"{'model__C': np.float64(1113.6707433435727), 'model__class_weight': 'balanced', 'model__gamma': np.float64(0.00018211464298037712)}",,,,,,,,,,,,,,,,,,,,,,,,,20000,20,5,pr_auc,FULL,True,C_high;gamma_low,balanced,0.26913371392987684,0.26015293095135406,0.26349197460308155,0.23202573686984215,0.2321148915766379,0.25138384958615856,0.016028664537917924,1.0,0.7211788123222358,0.7250434770992275,0.7111957781064873,0.6973113947207945,0.6857316175666912,0.7080922159630872,0.014727245660027692,1.0
FS-PM25,classification,phaseB,6.900194883346558,0.2851542058203948,2.2505571842193604,0.027720815936890082,395.74889901637545,,6.690156741104407e-05,"{'model__C': np.float64(395.74889901637545), 'model__class_weight': 'balanced', 'model__gamma': np.float64(6.690156741104407e-05)}",,,,,,,,,,,,,,,,,,,,,,,,,20000,20,5,pr_auc,FULL,True,C_high;gamma_low,balanced,0.26913371392987684,0.26015293095135406,0.26349197460308155,0.23202573686984215,0.2321148915766379,0.25138384958615856,0.016028664537917924,1.0,0.7211788123222358,0.7250434770992275,0.7111957781064873,0.6973113947207945,0.6857316175666912,0.7080922159630872,0.014727245660027692,1.0
FS-PM25,classification,phaseB,7.1565827369689945,0.3101229946949404,2.2558390140533446,0.020059124002957084,1930.6438161780168,,1.1873015746367209e-05,"{'model__C': np.float64(1930.6438161780168), 'model__class_weight': 'balanced', 'model__gamma': np.float64(1.1873015746367209e-05)}",,,,,,,,,,,,,,,,,,,,,,,,,20000,20,5,pr_auc,FULL,True,C_high;gamma_low,balanced,0.26913371392987684,0.26015293095135406,0.26349197460308155,0.23202573686984215,0.2321148915766379,0.25138384958615856,0.016028664537917924,1.0,0.7211788123222358,0.7250434770992275,0.7111957781064873,0.6973113947207945,0.6857316175666912,0.7080922159630872,0.014727245660027692,1.0
FS-PM25,classification,phaseB,7.374986934661865,0.131109371389683,2.2453746795654297,0.006838330781301641,2052.1927155614408,,1.87811019231941e-05,"{'model__C': np.float64(2052.1927155614408), 'model__class_weight': 'balanced', 'model__gamma': np.float64(1.87811019231941e-05)}",,,,,,,,,,,,,,,,,,,,,,,,,20000,20,5,pr_auc,FULL,True,C_high;gamma_low,balanced,0.26913371392987684,0.26015293095135406,0.26349197460308155,0.23202573686984215,0.2321148915766379,0.25138384958615856,0.016028664537917924,1.0,0.7211788123222358,0.7250434770992275,0.7111957781064873,0.6973113947207945,0.6857316175666912,0.7080922159630872,0.014727245660027692,1.0
FS-PM25,classification,phaseB,7.081434965133667,0.18506669839820325,2.240917921066284,0.029346850691255425,229.87560445844417,,0.0003335242330421831,"{'model__C': np.float64(229.87560445844417), 'model__class_weight': 'balanced', 'model__gamma': np.float64(0.0003335242330421831)}",,,,,,,,,,,,,,,,,,,,,,,,,20000,20,5,pr_auc,FULL,True,C_high;gamma_low,balanced,0.26913371392987684,0.26015293095135406,0.26349197460308155,0.23202573686984215,0.2321148915766379,0.25138384958615856,0.016028664537917924,1.0,0.7211788123222358,0.7250434770992275,0.7111957781064873,0.6973113947207945,0.6857316175666912,0.7080922159630872,0.014727245660027692,1.0
FS-PM25,classification,phaseB,7.66875,0.30633023654674885,2.2559889793395995,0.039119240725719935,8705.019918224407,,0.00019843544867339226,"{'model__C': np.float64(8705.019918224407), 'model__class_weight': 'balanced', 'model__gamma': np.float64(0.00019843544867339226)}",,,,,,,,,,,,,,,,,,,,,,,,,20000,20,5,pr_auc,FULL,True,C_high;gamma_low,balanced,0.26899365134076864,0.26015293095135406,0.2594939526744547,0.23412687647098177,0.22668294605723394,0.24989007149895862,0.016428977870233192,20.0,0.7211460223311984,0.7250434770992275,0.711131412568525,0.6973132096291781,0.6847898161574502,0.7078847875571158,0.015006382057900903,20.0
FS-PM25,classification,phaseB,7.116320180892944,0.2116622997793896,2.260277795791626,0.02300366719049075,604.4051672761641,,1.4347652216504952e-05,"{'model__C': np.float64(604.4051672761641), 'model__class_weight': 'balanced', 'model__gamma': np.float64(1.4347652216504952e-05)}",,,,,,,,,,,,,,,,,,,,,,,,,20000,20,5,pr_auc,FULL,True,C_high;gamma_low,balanced,0.26913371392987684,0.26015293095135406,0.26349197460308155,0.23202573686984215,0.2321148915766379,0.25138384958615856,0.016028664537917924,1.0,0.7211788123222358,0.7250434770992275,0.7111957781064873,0.6973113947207945,0.6857316175666912,0.7080922159630872,0.014727245660027692,1.0
FS-PM25,classification,phaseB,7.101631546020508,0.09561269910848005,2.2444193840026854,0.022453118239872557,2796.501075054004,,5.0877036118321076e-05,"{'model__C': np.float64(2796.501075054004), 'model__class_weight': 'balanced', 'model__gamma': np.float64(5.0877036118321076e-05)}",,,,,,,,,,,,,,,,,,,,,,,,,20000,20,5,pr_auc,FULL,True,C_high;gamma_low,balanced,0.26913371392987684,0.26015293095135406,0.26349197460308155,0.23202573686984215,0.2321148915766379,0.25138384958615856,0.016028664537917924,1.0,0.7211788123222358,0.7250434770992275,0.7111957781064873,0.6973113947207945,0.6857316175666912,0.7080922159630872,0.014727245660027692,1.0
