model,feature_set,score,threshold,oof_f1,oof_precision,oof_recall,oof_pr_auc,rows_used,mode
Prevalence,-,constant,-inf,0.20884306407742426,0.11659674252376714,1.0,0.11659674252376714,70791,FULL
Logistic Regression,FS-Primary,probability,0.14861086241520244,0.3041433033530275,0.22059064359408265,0.4895808093045796,0.23871436300089743,70791,FULL
Decision Tree,FS-Primary,probability,0.15544871794871795,0.30292154188500464,0.21521827825377396,0.5112672643566756,0.22991235433669585,70791,FULL
SVC,FS-Primary,decision_function,-0.20123458381159154,0.3132368703108253,0.22778643803585347,0.5012864493996569,0.24736017312760405,20000,FULL
MLP,FS-Primary,probability (mean of 5 seeds),0.15311432660287716,0.30368831576059263,0.2244625992235935,0.46934819481463536,0.2360064770131025,70791,FULL
Logistic Regression,FS-PM25,probability,0.12381930792859515,0.3047511781617713,0.20172650578771825,0.6228495275018173,0.23893750076878953,70791,FULL
Decision Tree,FS-PM25,probability,0.5820036339498129,0.30498962097332205,0.22336711711711713,0.4806154591713109,0.23360887305604816,70791,FULL
SVC,FS-PM25,decision_function,0.3722643361113569,0.3141520171999494,0.22278026905829595,0.532590051457976,0.2487543588496728,20000,FULL
MLP,FS-PM25,probability (mean of 5 seeds),0.1513932704328514,0.30404105195638226,0.22077922077922077,0.4881269687424279,0.23799259672010697,70791,FULL
Logistic Regression (balanced),FS-Primary,probability,0.5520980576485055,0.30397511234013136,0.21266202360224415,0.5327114126484129,0.2385617431060174,70791,FULL
