term,coef,ci_low,ci_high,p_value,mode
Intercept,8.032235910495586,7.985710283543093,8.078761537448079,0.0,FULL
city: Beijing,0.07566582636584651,0.007580869196078907,0.1437507835356141,0.029391542658298006,FULL
city: Cairo,0.07730903596546213,-0.07608018370148473,0.23069825563240898,0.32323446484352736,FULL
city: London,-0.011343927236652326,-0.11176004732991456,0.0890721928566099,0.8247688983891739,FULL
city: Los Angeles,0.009269820779806813,-0.0819963264847004,0.10053596804431403,0.8422065915743024,FULL
city: Mexico City,-0.029545493694430915,-0.10979347679266349,0.050702489403801655,0.47053155746669917,FULL
city: São Paulo,-0.02794842412215571,-0.2099058733383445,0.1540090250940331,0.7633779825227966,FULL
city: Tokyo,-0.03694993645667512,-0.1429838858320705,0.06908401291872027,0.494610672836843,FULL
aqi,-0.012644876701093847,-0.03779104444464191,0.012501291042454213,0.3243403707149294,FULL
pm2_5,1.4600359408004704,1.4350327620086007,1.48503911959234,0.0,FULL
pm10,0.006929238853508091,-0.018012949869100355,0.03187142757611654,0.5860964324595371,FULL
no2,-0.004437061882221968,-0.029379614236236074,0.020505490471792138,0.7273442407147644,FULL
o3,-0.005313750847183255,-0.030497035579558802,0.01986953388519229,0.6791975054834869,FULL
temperature,-0.010869486654384971,-0.03597709480866267,0.01423812149989273,0.3961596422121938,FULL
humidity,-0.0023735282885824563,-0.02760252180133688,0.022855465224171968,0.853705777701601,FULL
