model,pm2_5,partial_dependence,mode
Linear,2.8,4.860599755453419,FULL
Linear,3.9338983050847456,4.972368478977243,FULL
Linear,5.067796610169491,5.084137202501069,FULL
Linear,6.201694915254237,5.195905926024894,FULL
Linear,7.335593220338983,5.307674649548718,FULL
Linear,8.469491525423727,5.419443373072545,FULL
Linear,9.603389830508474,5.53121209659637,FULL
Linear,10.737288135593221,5.642980820120195,FULL
Linear,11.871186440677967,5.754749543644021,FULL
Linear,13.005084745762712,5.866518267167847,FULL
Linear,14.138983050847457,5.978286990691672,FULL
Linear,15.272881355932203,6.090055714215496,FULL
Linear,16.406779661016948,6.201824437739322,FULL
Linear,17.540677966101693,6.313593161263147,FULL
Linear,18.674576271186442,6.425361884786973,FULL
Linear,19.808474576271188,6.537130608310798,FULL
Linear,20.942372881355933,6.648899331834622,FULL
Linear,22.076271186440678,6.760668055358448,FULL
Linear,23.210169491525424,6.872436778882273,FULL
Linear,24.34406779661017,6.984205502406097,FULL
Linear,25.477966101694914,7.095974225929924,FULL
Linear,26.611864406779663,7.207742949453749,FULL
Linear,27.74576271186441,7.319511672977574,FULL
Linear,28.879661016949154,7.431280396501399,FULL
Linear,30.0135593220339,7.543049120025225,FULL
Linear,31.147457627118644,7.65481784354905,FULL
Linear,32.28135593220339,7.766586567072874,FULL
Linear,33.41525423728813,7.8783552905967005,FULL
Linear,34.54915254237288,7.990124014120525,FULL
Linear,35.68305084745762,8.10189273764435,FULL
Linear,36.81694915254237,8.213661461168176,FULL
Linear,37.95084745762711,8.325430184692,FULL
Linear,39.08474576271186,8.437198908215825,FULL
Linear,40.21864406779661,8.548967631739652,FULL
Linear,41.35254237288135,8.660736355263477,FULL
Linear,42.4864406779661,8.772505078787301,FULL
Linear,43.62033898305084,8.884273802311126,FULL
Linear,44.75423728813559,8.996042525834953,FULL
Linear,45.88813559322033,9.107811249358775,FULL
Linear,47.02203389830508,9.219579972882602,FULL
Linear,48.155932203389824,9.331348696406428,FULL
Linear,49.28983050847457,9.443117419930255,FULL
Linear,50.42372881355932,9.554886143454077,FULL
Linear,51.557627118644064,9.666654866977904,FULL
Linear,52.69152542372881,9.778423590501731,FULL
Linear,53.825423728813554,9.890192314025553,FULL
Linear,54.9593220338983,10.00196103754938,FULL
Linear,56.093220338983045,10.113729761073204,FULL
Linear,57.227118644067794,10.225498484597031,FULL
Linear,58.36101694915254,10.337267208120855,FULL
Linear,59.494915254237284,10.449035931644682,FULL
Linear,60.62881355932203,10.560804655168505,FULL
Linear,61.762711864406775,10.672573378692332,FULL
Linear,62.896610169491524,10.784342102216156,FULL
Linear,64.03050847457627,10.896110825739983,FULL
Linear,65.16440677966102,11.007879549263809,FULL
Linear,66.29830508474576,11.119648272787632,FULL
Linear,67.4322033898305,11.231416996311458,FULL
Linear,68.56610169491525,11.343185719835281,FULL
Linear,69.7,11.454954443359107,FULL
Tree,2.8,5.054954954954953,FULL
Tree,3.9338983050847456,5.054954954954953,FULL
Tree,5.067796610169491,5.054954954954953,FULL
Tree,6.201694915254237,5.054954954954953,FULL
Tree,7.335593220338983,5.054954954954953,FULL
Tree,8.469491525423727,5.054954954954953,FULL
Tree,9.603389830508474,5.054954954954953,FULL
Tree,10.737288135593221,6.015433673469387,FULL
Tree,11.871186440677967,6.015433673469387,FULL
Tree,13.005084745762712,6.015433673469387,FULL
Tree,14.138983050847457,6.015433673469387,FULL
Tree,15.272881355932203,6.015433673469387,FULL
Tree,16.406779661016948,6.015433673469387,FULL
Tree,17.540677966101693,6.015433673469387,FULL
Tree,18.674576271186442,6.015433673469387,FULL
Tree,19.808474576271188,6.015433673469387,FULL
Tree,20.942372881355933,7.065446440632173,FULL
Tree,22.076271186440678,7.065446440632173,FULL
Tree,23.210169491525424,7.065446440632173,FULL
Tree,24.34406779661017,7.065446440632173,FULL
Tree,25.477966101694914,7.065446440632173,FULL
Tree,26.611864406779663,7.065446440632173,FULL
Tree,27.74576271186441,7.065446440632173,FULL
Tree,28.879661016949154,7.065446440632173,FULL
Tree,30.0135593220339,8.020102674952714,FULL
Tree,31.147457627118644,8.020102674952714,FULL
Tree,32.28135593220339,8.020102674952714,FULL
Tree,33.41525423728813,8.020102674952714,FULL
Tree,34.54915254237288,8.020102674952714,FULL
Tree,35.68305084745762,8.020102674952714,FULL
Tree,36.81694915254237,8.020102674952714,FULL
Tree,37.95084745762711,8.020102674952714,FULL
Tree,39.08474576271186,8.020102674952714,FULL
Tree,40.21864406779661,9.02663839374462,FULL
Tree,41.35254237288135,9.02663839374462,FULL
Tree,42.4864406779661,9.02663839374462,FULL
Tree,43.62033898305084,9.02663839374462,FULL
Tree,44.75423728813559,9.02663839374462,FULL
Tree,45.88813559322033,9.02663839374462,FULL
Tree,47.02203389830508,9.02663839374462,FULL
Tree,48.155932203389824,9.02663839374462,FULL
Tree,49.28983050847457,9.02663839374462,FULL
Tree,50.42372881355932,9.991820040899794,FULL
Tree,51.557627118644064,9.991820040899794,FULL
Tree,52.69152542372881,9.991820040899794,FULL
Tree,53.825423728813554,9.991820040899794,FULL
Tree,54.9593220338983,9.991820040899794,FULL
Tree,56.093220338983045,9.991820040899794,FULL
Tree,57.227118644067794,9.991820040899794,FULL
Tree,58.36101694915254,9.991820040899794,FULL
Tree,59.494915254237284,9.991820040899794,FULL
Tree,60.62881355932203,10.99666913397483,FULL
Tree,61.762711864406775,10.99666913397483,FULL
Tree,62.896610169491524,10.99666913397483,FULL
Tree,64.03050847457627,10.99666913397483,FULL
Tree,65.16440677966102,10.99666913397483,FULL
Tree,66.29830508474576,10.99666913397483,FULL
Tree,67.4322033898305,10.99666913397483,FULL
Tree,68.56610169491525,10.99666913397483,FULL
Tree,69.7,10.99666913397483,FULL
SVM,2.8,4.812829765508624,FULL
SVM,3.9338983050847456,4.925392389622895,FULL
SVM,5.067796610169491,5.038060824987284,FULL
SVM,6.201694915254237,5.150830901297643,FULL
SVM,7.335593220338983,5.263698440868984,FULL
SVM,8.469491525423727,5.376659258893067,FULL
SVM,9.603389830508474,5.4897091636973325,FULL
SVM,10.737288135593221,5.602843957003747,FULL
SVM,11.871186440677967,5.716059434189044,FULL
SVM,13.005084745762712,5.829351384544679,FULL
SVM,14.138983050847457,5.9427155915382315,FULL
SVM,15.272881355932203,6.05614783307473,FULL
SVM,16.406779661016948,6.169643881758839,FULL
SVM,17.540677966101693,6.283199505157283,FULL
SVM,18.674576271186442,6.396810466062063,FULL
SVM,19.808474576271188,6.510472522753826,FULL
SVM,20.942372881355933,6.624181429265837,FULL
SVM,22.076271186440678,6.7379329356485,FULL
SVM,23.210169491525424,6.85172278823375,FULL
SVM,24.34406779661017,6.9655467299005345,FULL
SVM,25.477966101694914,7.079400500340057,FULL
SVM,26.611864406779663,7.193279836321468,FULL
SVM,27.74576271186441,7.307180471958084,FULL
SVM,28.879661016949154,7.421098138973695,FULL
SVM,30.0135593220339,7.535028566969118,FULL
SVM,31.147457627118644,7.648967483688927,FULL
SVM,32.28135593220339,7.762910615288587,FULL
SVM,33.41525423728813,7.876853686601538,FULL
SVM,34.54915254237288,7.990792421406615,FULL
SVM,35.68305084745762,8.104722542695482,FULL
SVM,36.81694915254237,8.218639772940183,FULL
SVM,37.95084745762711,8.33253983436089,FULL
SVM,39.08474576271186,8.446418449193557,FULL
SVM,40.21864406779661,8.560271339957723,FULL
SVM,41.35254237288135,8.674094229724263,FULL
SVM,42.4864406779661,8.787882842383178,FULL
SVM,43.62033898305084,8.901632902911379,FULL
SVM,44.75423728813559,9.015340137640324,FULL
SVM,45.88813559322033,9.129000274523529,FULL
SVM,47.02203389830508,9.242609043404338,FULL
SVM,48.155932203389824,9.356162176282869,FULL
SVM,49.28983050847457,9.469655407583822,FULL
SVM,50.42372881355932,9.58308447442297,FULL
SVM,51.557627118644064,9.69644511687436,FULL
SVM,52.69152542372881,9.809733078236768,FULL
SVM,53.825423728813554,9.922944105300289,FULL
SVM,54.9593220338983,10.036073948612174,FULL
SVM,56.093220338983045,10.14911836274303,FULL
SVM,57.227118644067794,10.262073106551965,FULL
SVM,58.36101694915254,10.374933943452088,FULL
SVM,59.494915254237284,10.487696641675212,FULL
SVM,60.62881355932203,10.600356974536233,FULL
SVM,61.762711864406775,10.712910720697225,FULL
SVM,62.896610169491524,10.8253536644311,FULL
SVM,64.03050847457627,10.93768159588478,FULL
SVM,65.16440677966102,11.049890311341802,FULL
SVM,66.29830508474576,11.161975613484385,FULL
SVM,67.4322033898305,11.273933311655439,FULL
SVM,68.56610169491525,11.385759222119425,FULL
SVM,69.7,11.497449168322841,FULL
MLP,2.8,4.919458573136726,FULL
MLP,3.9338983050847456,5.015905383586313,FULL
MLP,5.067796610169491,5.113922960435465,FULL
MLP,6.201694915254237,5.2134517267108595,FULL
MLP,7.335593220338983,5.314455069225874,FULL
MLP,8.469491525423727,5.416811537294926,FULL
MLP,9.603389830508474,5.520566631048525,FULL
MLP,10.737288135593221,5.6256104305418475,FULL
MLP,11.871186440677967,5.7317435329178625,FULL
MLP,13.005084745762712,5.83891836428713,FULL
MLP,14.138983050847457,5.947130859866284,FULL
MLP,15.272881355932203,6.056382802477594,FULL
MLP,16.406779661016948,6.166483473516683,FULL
MLP,17.540677966101693,6.277412799886247,FULL
MLP,18.674576271186442,6.389101452414252,FULL
MLP,19.808474576271188,6.501443503635888,FULL
MLP,20.942372881355933,6.61438355951743,FULL
MLP,22.076271186440678,6.727816323359148,FULL
MLP,23.210169491525424,6.841637622853621,FULL
MLP,24.34406779661017,6.9557884160065795,FULL
MLP,25.477966101694914,7.070131085802975,FULL
MLP,26.611864406779663,7.184635203894527,FULL
MLP,27.74576271186441,7.299251848051327,FULL
MLP,28.879661016949154,7.413832551502535,FULL
MLP,30.0135593220339,7.528420772460249,FULL
MLP,31.147457627118644,7.642947596462676,FULL
MLP,32.28135593220339,7.757334684769846,FULL
MLP,33.41525423728813,7.871590714141232,FULL
MLP,34.54915254237288,7.985634941777077,FULL
MLP,35.68305084745762,8.099423854968418,FULL
MLP,36.81694915254237,8.212954808729004,FULL
MLP,37.95084745762711,8.326201762576549,FULL
MLP,39.08474576271186,8.439200572356151,FULL
MLP,40.21864406779661,8.552035690550047,FULL
MLP,41.35254237288135,8.664597474057556,FULL
MLP,42.4864406779661,8.776947437893172,FULL
MLP,43.62033898305084,8.889107752488444,FULL
MLP,44.75423728813559,9.001087340469482,FULL
MLP,45.88813559322033,9.112868606109087,FULL
MLP,47.02203389830508,9.224520538471467,FULL
MLP,48.155932203389824,9.33609770558464,FULL
MLP,49.28983050847457,9.447511717153045,FULL
MLP,50.42372881355932,9.558811670121326,FULL
MLP,51.557627118644064,9.670012032866174,FULL
MLP,52.69152542372881,9.78117321802116,FULL
MLP,53.825423728813554,9.892307534816249,FULL
MLP,54.9593220338983,10.003400531903837,FULL
MLP,56.093220338983045,10.114404680416945,FULL
MLP,57.227118644067794,10.225321899059846,FULL
MLP,58.36101694915254,10.336192266674969,FULL
MLP,59.494915254237284,10.44700825476773,FULL
MLP,60.62881355932203,10.557821994933615,FULL
MLP,61.762711864406775,10.66860457004463,FULL
MLP,62.896610169491524,10.779382886947147,FULL
MLP,64.03050847457627,10.89013949541714,FULL
MLP,65.16440677966102,11.000916205433771,FULL
MLP,66.29830508474576,11.111681531396231,FULL
MLP,67.4322033898305,11.222452805053578,FULL
MLP,68.56610169491525,11.33323318746947,FULL
MLP,69.7,11.444046657867474,FULL
