model,feature,rmse_increase_mean,rmse_increase_sd,n_rows,n_repeats,mode
Decision Tree,aqi,0.0,0.0,17698,5,FULL
Decision Tree,pm2_5,0.5945617738356039,0.007101200450400139,17698,5,FULL
Decision Tree,pm10,0.0,0.0,17698,5,FULL
Decision Tree,no2,0.0,0.0,17698,5,FULL
Decision Tree,o3,0.0,0.0,17698,5,FULL
Decision Tree,temperature,0.0,0.0,17698,5,FULL
Decision Tree,humidity,0.0,0.0,17698,5,FULL
Decision Tree,city,0.0,0.0,17698,5,FULL
MLP,aqi,0.0005933767498645714,0.0007149593501905052,3000,5,FULL
MLP,pm2_5,0.5677055641017602,0.029716513256708793,3000,5,FULL
MLP,pm10,0.00024155577609281665,0.0013815160519706085,3000,5,FULL
MLP,no2,-0.0011284340973849894,0.0010269699360123806,3000,5,FULL
MLP,o3,0.0013592458443521416,0.00026116597905391265,3000,5,FULL
MLP,temperature,0.0028919814236047616,0.0008126832771523987,3000,5,FULL
MLP,humidity,0.0030036562775289434,0.0007887713514164213,3000,5,FULL
MLP,city,0.0012036046675741653,0.0010723347595167569,3000,5,FULL
